model_name,candidate_name,feature_name,mean_gain,std_gain,mean_normalized_gain,mean_rank,median_rank,used_fold_count,top10_fold_count
xgb_depth3_regularized_v1,xgb_depth3_regularized_v1,ema_distance_120,526.5714874267578,236.3191728672397,0.47521625070438683,1.0,1.0,5,5
xgb_depth3_regularized_v1,xgb_depth3_regularized_v1,ema_spread_20_60,743.6553375244141,678.5255033540528,0.10890929228913396,2.4,2.0,5,5
xgb_depth3_regularized_v1,xgb_depth3_regularized_v1,log_return_120m,158.35308990478515,87.58270956284792,0.10439857721137366,2.6,3.0,5,5
xgb_depth3_regularized_v1,xgb_depth3_regularized_v1,time_sin,68.17716903686524,24.42208629974862,0.04934244339715478,4.2,4.0,5,5
xgb_depth3_regularized_v1,xgb_depth3_regularized_v1,normalized_slope_60m,138.51100463867186,65.14718602955257,0.03319428428894264,7.8,6.0,5,4
xgb_depth3_regularized_v1,xgb_depth3_regularized_v1,range_position_120m,91.56620559692382,30.235267200436617,0.022851513532588325,7.0,6.0,5,5
xgb_depth3_regularized_v1,xgb_depth3_regularized_v1,buy_pressure_std_15m,54.73534088134765,16.283653563329704,0.021408032425762405,10.6,13.0,5,2
xgb_depth3_regularized_v1,xgb_depth3_regularized_v1,realized_volatility_120m,61.07993698120117,20.846502676946415,0.01730464828132592,9.0,7.0,5,3
xgb_depth3_regularized_v1,xgb_depth3_regularized_v1,momentum_acceleration_15_60,72.32677879333497,27.137255470852686,0.013474846497573037,10.0,11.0,5,2
xgb_depth3_regularized_v1,xgb_depth3_regularized_v1,ema_distance_60,289.0465591430664,251.78363418989156,0.013026042248107142,13.4,10.0,5,3
xgb_depth3_regularized_v1,xgb_depth3_regularized_v1,time_cos,54.34407272338867,18.294606081844208,0.012968305710818435,12.6,10.0,5,3
xgb_depth3_regularized_v1,xgb_depth3_regularized_v1,ema_spread_5_20,99.46203918457032,62.27732342008314,0.012506233310702641,12.2,11.0,5,2
xgb_depth3_regularized_v1,xgb_depth3_regularized_v1,ema_distance_20,74.0046989440918,23.837550025869533,0.011053827399052937,14.2,13.0,5,2
xgb_depth3_regularized_v1,xgb_depth3_regularized_v1,realized_volatility_60m,61.23801040649414,15.353356491982263,0.01064465909683488,13.4,12.0,5,1
xgb_depth3_regularized_v1,xgb_depth3_regularized_v1,efficiency_ratio_60m,34.17632942199707,22.65715379087705,0.008282447818251593,18.8,15.0,4,0
xgb_depth3_regularized_v1,xgb_depth3_regularized_v1,log_return_60m,379.0492740631104,589.1837164196095,0.007766176596461978,19.6,21.0,5,1
xgb_depth3_regularized_v1,xgb_depth3_regularized_v1,upper_wick_mean_15m,33.140235137939456,21.08624192356754,0.0072624838720827724,22.8,17.0,4,1
xgb_depth3_regularized_v1,xgb_depth3_regularized_v1,volume_ratio_15_60,39.92519607543945,10.184833871310751,0.006896208499203756,18.2,16.0,5,0
xgb_depth3_regularized_v1,xgb_depth3_regularized_v1,log_return_10m,69.60425033569337,29.605725114022896,0.006243727250744815,18.2,18.0,5,1
xgb_depth3_regularized_v1,xgb_depth3_regularized_v1,weekday_sin,41.59252586364746,19.58745747142873,0.005914050138795972,19.2,22.0,5,0
xgb_depth3_regularized_v1,xgb_depth3_regularized_v1,normalized_atr_60,36.17648887634277,9.199893721376448,0.004998402963218106,21.0,19.0,5,0
xgb_depth3_regularized_v1,xgb_depth3_regularized_v1,support_distance_60m,33.8389705657959,23.64413521153344,0.004338850754237797,25.0,20.0,4,0
xgb_depth3_regularized_v1,xgb_depth3_regularized_v1,realized_volatility_30m,51.88165817260742,20.953068987109837,0.003910403321117367,22.2,21.0,5,0
xgb_depth3_regularized_v1,xgb_depth3_regularized_v1,vwap_distance_60m,45.366495513916014,16.098049407636676,0.003749767260425859,21.8,22.0,5,0
xgb_depth3_regularized_v1,xgb_depth3_regularized_v1,taker_buy_quote_ratio_60m,29.359670639038086,21.947570600476084,0.0036219914708632297,31.0,23.0,4,0
xgb_depth3_regularized_v1,xgb_depth3_regularized_v1,semivariance_imbalance_60m,18.650348281860353,17.43525639987759,0.0027661835928253116,34.0,37.0,3,0
xgb_depth3_regularized_v1,xgb_depth3_regularized_v1,log_return_30m,12.079023742675782,11.690740776771698,0.002716742962741114,34.0,32.0,3,0
xgb_depth3_regularized_v1,xgb_depth3_regularized_v1,normalized_slope_15m,31.822277069091797,21.08716565473889,0.002475683697910842,28.6,26.0,4,0
xgb_depth3_regularized_v1,xgb_depth3_regularized_v1,momentum_acceleration_5_30,44.74180564880371,34.76005283362805,0.002354733327151787,27.6,28.0,4,0
xgb_depth3_regularized_v1,xgb_depth3_regularized_v1,close_location,20.353693389892577,20.502830022238186,0.0021262599939990212,36.2,30.0,3,0
xgb_depth3_regularized_v1,xgb_depth3_regularized_v1,volatility_ratio_15_120,12.090336990356445,11.762561540071,0.001927188109965109,35.4,37.0,3,0
xgb_depth3_regularized_v1,xgb_depth3_regularized_v1,resistance_distance_60m,36.093821334838864,28.397724805966146,0.0019265831498334282,31.2,31.0,4,0
xgb_depth3_regularized_v1,xgb_depth3_regularized_v1,log_return_5m,23.98639335632324,25.07887017238617,0.0016825437141159284,30.2,29.0,3,0
xgb_depth3_regularized_v1,xgb_depth3_regularized_v1,log_return_15m,45.05340347290039,56.15333170399152,0.0016701031325722486,30.2,32.0,4,0
xgb_depth3_regularized_v1,xgb_depth3_regularized_v1,taker_buy_quote_ratio_15m,16.798288345336914,19.72826959536483,0.0012475701092408394,42.4,36.0,3,0
xgb_depth3_regularized_v1,xgb_depth3_regularized_v1,normalized_atr_14,24.523981857299805,17.363836783144908,0.0012432137422447227,33.6,35.0,4,0
xgb_depth3_regularized_v1,xgb_depth3_regularized_v1,ema_distance_5,16.884135055541993,16.256064893578525,0.0009656903355533986,37.4,40.0,3,0
xgb_depth3_regularized_v1,xgb_depth3_regularized_v1,range_position_30m,16.504497528076172,16.37825709883902,0.0009591019508328079,37.8,39.0,3,0
xgb_depth3_regularized_v1,xgb_depth3_regularized_v1,upper_wick_ratio,25.58933753967285,17.6171837301553,0.0009351573829556616,36.6,38.0,4,0
xgb_depth3_regularized_v1,xgb_depth3_regularized_v1,range_position_60m,14.178877258300782,22.524853839837238,0.0007267389361655088,42.0,42.0,2,0
xgb_depth3_regularized_v1,xgb_depth3_regularized_v1,weekday_cos,21.195740509033204,26.826310955250534,0.0006193633618116286,47.0,46.0,3,0
xgb_depth3_regularized_v1,xgb_depth3_regularized_v1,lower_wick_mean_15m,18.839628791809083,20.617688668162636,0.0005742353218750038,44.6,43.0,3,0
xgb_depth3_regularized_v1,xgb_depth3_regularized_v1,log_return_3m,14.052534103393555,14.609898290112376,0.0004920941384467798,36.8,41.0,3,0
xgb_depth3_regularized_v1,xgb_depth3_regularized_v1,realized_volatility_15m,21.10493412017822,24.277521914962087,0.00046517412013505485,39.2,38.0,3,0
xgb_depth3_regularized_v1,xgb_depth3_regularized_v1,volume_ratio_5_60,17.012820434570312,18.47946143985069,0.00045338852016944874,46.0,45.0,3,0
xgb_depth3_regularized_v1,xgb_depth3_regularized_v1,buy_pressure_persistence_15m,11.118424224853516,17.399489011910607,0.0002727564383548443,53.6,59.0,2,0
xgb_depth3_regularized_v1,xgb_depth3_regularized_v1,efficiency_ratio_15m,3.27105712890625,7.314306098519667,0.00026725069776745175,41.6,44.0,1,0
xgb_depth3_regularized_v1,xgb_depth3_regularized_v1,buy_pressure_change_5_60,5.140494918823242,7.172045842155315,0.00024974042646240026,54.0,58.0,2,0
xgb_depth3_regularized_v1,xgb_depth3_regularized_v1,log_trade_count_zscore_60m,6.891049766540528,11.0466652316375,0.00023219154568762963,54.6,60.0,2,0
xgb_depth3_regularized_v1,xgb_depth3_regularized_v1,is_weekend,14.381258392333985,19.806291670097156,0.00022066139363949956,56.2,63.0,2,0
xgb_depth3_regularized_v1,xgb_depth3_regularized_v1,volatility_ratio_5_60,3.0427118301391602,6.803710488133955,0.00021752019457051721,45.0,47.0,1,0
xgb_depth3_regularized_v1,xgb_depth3_regularized_v1,lower_wick_ratio,2.5666536331176757,5.739211998347928,0.00018348731321401543,51.2,50.0,1,0
xgb_depth3_regularized_v1,xgb_depth3_regularized_v1,signed_body_mean_5m,7.156321716308594,12.277688136956867,0.00015368066698505226,50.6,50.0,2,0
xgb_depth3_regularized_v1,xgb_depth3_regularized_v1,log_quote_volume_zscore_60m,3.1847375869750976,5.1146248255206315,0.00015151877961210863,52.4,52.0,2,0
xgb_depth3_regularized_v1,xgb_depth3_regularized_v1,up_candle_ratio_15m,7.069132614135742,9.788925962806447,0.0001090823560253264,43.6,44.0,2,0
xgb_depth3_regularized_v1,xgb_depth3_regularized_v1,signed_body_ratio,2.438952827453613,5.453664316101595,7.472490959308393e-05,50.6,53.0,1,0
xgb_depth3_regularized_v1,xgb_depth3_regularized_v1,taker_buy_quote_ratio_5m,3.609743118286133,8.071630993799857,7.373047375098865e-05,57.6,57.0,1,0
xgb_depth3_regularized_v1,xgb_depth3_regularized_v1,realized_volatility_5m,2.8940994262695314,6.471403050781813,5.911315979809363e-05,46.0,50.0,1,0
xgb_depth3_regularized_v1,xgb_depth3_regularized_v1,log_return_1m,4.671849536895752,7.529492318441245,5.0590313632609414e-05,42.6,48.0,2,0
xgb_depth3_regularized_v1,xgb_depth3_regularized_v1,log_avg_trade_quote_size_zscore_60m,1.3097285270690917,2.928642018597162,4.012760712236318e-05,61.2,61.0,1,0
xgb_depth3_regularized_v1,xgb_depth3_regularized_v1,taker_buy_quote_ratio_1m,1.5964324951171875,3.5697315805716325,3.260778407754082e-05,57.4,58.0,1,0
xgb_depth3_regularized_v1,xgb_depth3_regularized_v1,absolute_body_ratio,0.0,0.0,0.0,52.6,54.0,0,0
xgb_depth3_regularized_v1,xgb_depth3_regularized_v1,is_zero_volume_1m,0.0,0.0,0.0,56.2,57.0,0,0
xgb_depth3_v1,xgb_depth3_v1,ema_distance_120,526.6864349365235,235.68680747504035,0.47691128647249936,1.0,1.0,5,5
xgb_depth3_v1,xgb_depth3_v1,ema_spread_20_60,746.5019226074219,666.0249974200765,0.10787473519454824,2.4,2.0,5,5
xgb_depth3_v1,xgb_depth3_v1,log_return_120m,157.67449493408202,83.92859480478923,0.10391334816400341,2.6,3.0,5,5
xgb_depth3_v1,xgb_depth3_v1,time_sin,69.81587677001953,25.430207977648596,0.048993095182258736,4.2,4.0,5,5
xgb_depth3_v1,xgb_depth3_v1,normalized_slope_60m,98.82622833251953,77.44591116739052,0.03336313912452275,12.8,6.0,4,4
xgb_depth3_v1,xgb_depth3_v1,range_position_120m,92.17260055541992,29.877569366073256,0.022944661274710308,6.6,6.0,5,5
xgb_depth3_v1,xgb_depth3_v1,buy_pressure_std_15m,57.4679759979248,21.200503442965168,0.0209623726284,10.6,13.0,5,2
xgb_depth3_v1,xgb_depth3_v1,realized_volatility_120m,59.659994506835936,17.651850356200587,0.017486342510114963,9.2,8.0,5,3
xgb_depth3_v1,xgb_depth3_v1,momentum_acceleration_15_60,75.61164855957031,28.51743373687385,0.013805395839006954,10.2,12.0,5,2
xgb_depth3_v1,xgb_depth3_v1,time_cos,56.25593223571777,19.54504853865939,0.01320163133464351,12.4,10.0,5,3
xgb_depth3_v1,xgb_depth3_v1,ema_distance_60,308.38714599609375,255.4593632068655,0.01306799484516058,13.4,10.0,5,3
xgb_depth3_v1,xgb_depth3_v1,ema_spread_5_20,85.9625129699707,35.38151289785165,0.011543742487026925,13.6,15.0,5,1
xgb_depth3_v1,xgb_depth3_v1,ema_distance_20,74.16722946166992,21.601896122151008,0.01142271869167474,13.4,13.0,5,2
xgb_depth3_v1,xgb_depth3_v1,realized_volatility_60m,59.31324234008789,15.376666524944786,0.010640466604536856,12.8,12.0,5,1
xgb_depth3_v1,xgb_depth3_v1,log_return_60m,384.9973274230957,588.2891561305813,0.008700007236803264,18.2,21.0,5,2
xgb_depth3_v1,xgb_depth3_v1,efficiency_ratio_60m,35.378543853759766,22.712338116262718,0.007917621464736041,18.4,16.0,4,0
xgb_depth3_v1,xgb_depth3_v1,upper_wick_mean_15m,33.426945495605466,21.902181739016463,0.007005186545150305,22.6,18.0,4,1
xgb_depth3_v1,xgb_depth3_v1,volume_ratio_15_60,41.14242820739746,11.590604309451301,0.006148486766208287,19.0,19.0,5,0
xgb_depth3_v1,xgb_depth3_v1,log_return_10m,67.8007640838623,30.26108463206,0.0061290473871755185,18.2,17.0,5,1
xgb_depth3_v1,xgb_depth3_v1,weekday_sin,42.558484649658205,19.81854820361789,0.006006785658747363,19.6,23.0,5,0
xgb_depth3_v1,xgb_depth3_v1,normalized_atr_60,36.51728973388672,8.313026548191813,0.0051905435938446815,20.8,20.0,5,0
xgb_depth3_v1,xgb_depth3_v1,support_distance_60m,32.58001174926758,22.97250239170669,0.004304443472561313,24.6,21.0,4,0
xgb_depth3_v1,xgb_depth3_v1,realized_volatility_30m,54.091926193237306,21.73526390622446,0.004264440298423098,21.4,20.0,5,0
xgb_depth3_v1,xgb_depth3_v1,vwap_distance_60m,44.838946151733396,14.473251791720296,0.00424612894047848,20.8,21.0,5,0
xgb_depth3_v1,xgb_depth3_v1,taker_buy_quote_ratio_60m,27.402358627319337,18.312903950616523,0.0035322790574686567,30.2,25.0,4,0
xgb_depth3_v1,xgb_depth3_v1,log_return_30m,9.763757705688477,13.445767640252978,0.002627801402471172,32.6,32.0,2,0
xgb_depth3_v1,xgb_depth3_v1,semivariance_imbalance_60m,22.980874633789064,22.547729589891766,0.002611844364266243,34.6,39.0,3,0
xgb_depth3_v1,xgb_depth3_v1,momentum_acceleration_5_30,43.441903305053714,35.76415980883189,0.0023242223429578803,27.2,29.0,4,0
xgb_depth3_v1,xgb_depth3_v1,normalized_slope_15m,35.54578628540039,26.15797984986393,0.0022732261156272323,29.2,27.0,4,0
xgb_depth3_v1,xgb_depth3_v1,close_location,20.59274253845215,20.61841698023272,0.0022358490331076965,36.2,30.0,3,0
xgb_depth3_v1,xgb_depth3_v1,volatility_ratio_15_120,14.332798767089844,13.10841499249026,0.002168833369701085,34.2,38.0,3,0
xgb_depth3_v1,xgb_depth3_v1,resistance_distance_60m,26.3921142578125,30.89044359533046,0.0016535970430318632,35.8,33.0,3,0
xgb_depth3_v1,xgb_depth3_v1,log_return_15m,47.359489822387694,55.7721566990796,0.0015717291407844926,31.8,36.0,4,0
xgb_depth3_v1,xgb_depth3_v1,log_return_5m,22.399332809448243,22.90904799084866,0.001500021054439519,30.2,29.0,3,0
xgb_depth3_v1,xgb_depth3_v1,normalized_atr_14,25.795185852050782,17.919436013184566,0.0012406094345575928,33.4,32.0,4,0
xgb_depth3_v1,xgb_depth3_v1,taker_buy_quote_ratio_15m,16.024909210205077,17.859689425816736,0.0011259251544468941,42.6,39.0,3,0
xgb_depth3_v1,xgb_depth3_v1,upper_wick_ratio,26.02950325012207,17.587855048976383,0.0009808665931461615,36.4,37.0,4,0
xgb_depth3_v1,xgb_depth3_v1,ema_distance_5,19.644129943847656,20.35743699488828,0.0009568969160968245,37.8,40.0,3,0
xgb_depth3_v1,xgb_depth3_v1,range_position_30m,17.720208740234376,16.64742767231929,0.0009537223170895653,37.8,38.0,3,0
xgb_depth3_v1,xgb_depth3_v1,range_position_60m,3.7633129119873048,8.415023491806297,0.0007554507328003601,44.6,44.0,1,0
xgb_depth3_v1,xgb_depth3_v1,volume_ratio_5_60,27.497152709960936,19.981232766247125,0.0007236974074998918,39.0,36.0,4,0
xgb_depth3_v1,xgb_depth3_v1,lower_wick_mean_15m,17.94679374694824,18.35792243497649,0.0006646815338005308,43.4,42.0,3,0
xgb_depth3_v1,xgb_depth3_v1,weekday_cos,21.6720027923584,26.804302277834598,0.000628677767863558,46.2,42.0,3,0
xgb_depth3_v1,xgb_depth3_v1,log_return_3m,7.8181007385253904,10.728663660738635,0.0004838939843894899,36.8,40.0,2,0
xgb_depth3_v1,xgb_depth3_v1,realized_volatility_15m,16.586378479003905,25.420981493102015,0.00046266570861163705,40.4,36.0,2,0
xgb_depth3_v1,xgb_depth3_v1,buy_pressure_change_5_60,5.330536842346191,7.299558703508391,0.0003669888122125607,52.8,58.0,2,0
xgb_depth3_v1,xgb_depth3_v1,log_trade_count_zscore_60m,8.197312545776366,11.79098304300107,0.00032433265575024657,54.6,60.0,2,0
xgb_depth3_v1,xgb_depth3_v1,up_candle_ratio_15m,10.299382781982422,9.677113802837237,0.0002943379215182204,41.4,43.0,3,0
xgb_depth3_v1,xgb_depth3_v1,lower_wick_ratio,2.5645845413208006,5.734585368438428,0.00023166762038966427,50.8,48.0,1,0
xgb_depth3_v1,xgb_depth3_v1,efficiency_ratio_15m,3.2803783416748047,7.335148963902895,0.0002304770998373124,42.0,47.0,1,0
xgb_depth3_v1,xgb_depth3_v1,volatility_ratio_5_60,2.631120491027832,5.883364274930857,0.0001848606999822849,45.2,50.0,1,0
xgb_depth3_v1,xgb_depth3_v1,is_weekend,6.645433044433593,14.859640027276894,0.0001334010027554449,60.8,63.0,1,0
xgb_depth3_v1,xgb_depth3_v1,signed_body_mean_5m,7.185882663726806,12.216755465693241,0.00012658165388590626,50.6,50.0,2,0
xgb_depth3_v1,xgb_depth3_v1,log_quote_volume_zscore_60m,4.140765762329101,6.223160416671425,0.0001244199221667188,52.8,53.0,2,0
xgb_depth3_v1,xgb_depth3_v1,buy_pressure_persistence_15m,9.35766372680664,16.778094301344247,0.00010481755882773553,55.4,60.0,2,0
xgb_depth3_v1,xgb_depth3_v1,realized_volatility_5m,2.2884841918945313,5.117206218509845,9.187846268180548e-05,44.4,48.0,1,0
xgb_depth3_v1,xgb_depth3_v1,taker_buy_quote_ratio_1m,2.472950553894043,5.529685543502838,7.446333586545266e-05,56.2,56.0,1,0
xgb_depth3_v1,xgb_depth3_v1,signed_body_ratio,2.7641834259033202,6.180902042598078,5.5488459269686756e-05,50.8,53.0,1,0
xgb_depth3_v1,xgb_depth3_v1,log_avg_trade_quote_size_zscore_60m,1.6993425369262696,3.799845429624085,5.116912744811389e-05,60.8,61.0,1,0
xgb_depth3_v1,xgb_depth3_v1,log_return_1m,4.306730651855469,7.527338892827685,4.8118596546523106e-05,41.6,44.0,2,0
xgb_depth3_v1,xgb_depth3_v1,taker_buy_quote_ratio_5m,1.8374374389648438,4.108635017928512,3.688487946825722e-05,57.8,59.0,1,0
xgb_depth3_v1,xgb_depth3_v1,absolute_body_ratio,0.0,0.0,0.0,52.6,54.0,0,0
xgb_depth3_v1,xgb_depth3_v1,is_zero_volume_1m,0.0,0.0,0.0,56.2,56.0,0,0
xgb_depth4_regularized_v1,xgb_depth4_regularized_v1,ema_distance_120,452.827001953125,193.36743880558902,0.43510002679922477,1.0,1.0,5,5
xgb_depth4_regularized_v1,xgb_depth4_regularized_v1,ema_spread_20_60,439.3208862304688,306.54680565357324,0.10433348036656546,2.4,2.0,5,5
xgb_depth4_regularized_v1,xgb_depth4_regularized_v1,log_return_120m,94.36950073242187,35.562203969098654,0.09324134045537069,2.6,3.0,5,5
xgb_depth4_regularized_v1,xgb_depth4_regularized_v1,time_sin,55.0068977355957,16.55065142751138,0.04946962236457024,4.2,4.0,5,5
xgb_depth4_regularized_v1,xgb_depth4_regularized_v1,normalized_slope_60m,75.84536743164062,6.555876536798575,0.030789118745908096,9.0,7.0,5,4
xgb_depth4_regularized_v1,xgb_depth4_regularized_v1,time_cos,41.116011428833005,10.093446983904053,0.028143782667303507,6.8,6.0,5,5
xgb_depth4_regularized_v1,xgb_depth4_regularized_v1,buy_pressure_std_15m,42.465545654296875,9.696808924065499,0.02626999322589437,9.0,7.0,5,3
xgb_depth4_regularized_v1,xgb_depth4_regularized_v1,range_position_120m,77.60793685913086,25.0865157650115,0.02099561339303588,8.0,8.0,5,4
xgb_depth4_regularized_v1,xgb_depth4_regularized_v1,momentum_acceleration_15_60,56.57744827270508,19.307708804043088,0.017660315396780018,10.0,10.0,5,3
xgb_depth4_regularized_v1,xgb_depth4_regularized_v1,realized_volatility_120m,48.51072998046875,9.895696767020212,0.017428266165784995,10.2,10.0,5,3
xgb_depth4_regularized_v1,xgb_depth4_regularized_v1,ema_distance_60,139.7643310546875,66.4841088704765,0.01619402768490121,13.2,10.0,5,3
xgb_depth4_regularized_v1,xgb_depth4_regularized_v1,realized_volatility_60m,44.779902648925784,6.541640860355247,0.015156438988942946,12.2,12.0,5,1
xgb_depth4_regularized_v1,xgb_depth4_regularized_v1,ema_spread_5_20,72.82373123168945,44.00768998157943,0.012576232199501363,13.4,14.0,5,1
xgb_depth4_regularized_v1,xgb_depth4_regularized_v1,ema_distance_20,62.70498886108398,12.315238968602632,0.012311111440042297,14.6,14.0,5,1
xgb_depth4_regularized_v1,xgb_depth4_regularized_v1,efficiency_ratio_60m,36.14255218505859,6.200227366338902,0.009930376003026898,16.8,16.0,5,0
xgb_depth4_regularized_v1,xgb_depth4_regularized_v1,volume_ratio_15_60,37.46938362121582,9.85098301024602,0.008985246503037867,17.8,15.0,5,0
xgb_depth4_regularized_v1,xgb_depth4_regularized_v1,normalized_atr_60,33.27142105102539,7.166367939246131,0.008642647005432274,17.0,17.0,5,0
xgb_depth4_regularized_v1,xgb_depth4_regularized_v1,weekday_sin,34.80010871887207,11.48591767039878,0.00857580997100582,17.8,20.0,5,1
xgb_depth4_regularized_v1,xgb_depth4_regularized_v1,upper_wick_mean_15m,28.129785537719727,16.723630182980088,0.008161735838874102,24.8,21.0,4,0
xgb_depth4_regularized_v1,xgb_depth4_regularized_v1,log_return_60m,213.1602813720703,284.47596123355777,0.007030665015093395,21.6,25.0,5,1
xgb_depth4_regularized_v1,xgb_depth4_regularized_v1,taker_buy_quote_ratio_60m,33.26147880554199,12.788653410516773,0.006934537861373165,19.6,19.0,5,0
xgb_depth4_regularized_v1,xgb_depth4_regularized_v1,vwap_distance_60m,36.34494209289551,9.449354222302539,0.006396179983147473,20.0,20.0,5,0
xgb_depth4_regularized_v1,xgb_depth4_regularized_v1,log_return_10m,53.60407943725586,19.29984173994205,0.006355746557255945,22.4,18.0,5,0
xgb_depth4_regularized_v1,xgb_depth4_regularized_v1,support_distance_60m,33.76293601989746,9.009264390081794,0.005544982100550514,22.0,24.0,5,0
xgb_depth4_regularized_v1,xgb_depth4_regularized_v1,realized_volatility_30m,42.173959732055664,18.85174553699916,0.003873088741738353,24.8,26.0,5,0
xgb_depth4_regularized_v1,xgb_depth4_regularized_v1,momentum_acceleration_5_30,41.640281677246094,10.914904056260738,0.003235930404898249,27.6,26.0,5,0
xgb_depth4_regularized_v1,xgb_depth4_regularized_v1,resistance_distance_60m,32.11244697570801,8.977616499581721,0.002973425589610179,28.4,27.0,5,0
xgb_depth4_regularized_v1,xgb_depth4_regularized_v1,log_return_30m,25.786867904663087,5.337232320639803,0.0028311875756691263,31.4,31.0,5,0
xgb_depth4_regularized_v1,xgb_depth4_regularized_v1,semivariance_imbalance_60m,24.42863540649414,2.7604044032253947,0.002732081025872421,32.2,34.0,5,0
xgb_depth4_regularized_v1,xgb_depth4_regularized_v1,close_location,38.78940048217773,17.49899169426584,0.002590891224078473,32.6,35.0,5,0
xgb_depth4_regularized_v1,xgb_depth4_regularized_v1,ema_distance_5,35.01692428588867,7.42467403534103,0.0023713087513637142,29.4,32.0,5,0
xgb_depth4_regularized_v1,xgb_depth4_regularized_v1,volatility_ratio_15_120,26.24484634399414,7.358659143421009,0.002307717938992991,33.0,32.0,5,0
xgb_depth4_regularized_v1,xgb_depth4_regularized_v1,normalized_slope_15m,33.99858169555664,13.535148680029902,0.0019504086060212309,31.4,30.0,5,0
xgb_depth4_regularized_v1,xgb_depth4_regularized_v1,normalized_atr_14,22.70096435546875,13.945999408595663,0.0017975075648133895,36.4,35.0,4,0
xgb_depth4_regularized_v1,xgb_depth4_regularized_v1,lower_wick_mean_15m,26.90931510925293,5.6862866481005465,0.0016027812330401993,35.4,32.0,5,0
xgb_depth4_regularized_v1,xgb_depth4_regularized_v1,range_position_60m,24.821142959594727,5.806940128098635,0.0015208068949718891,36.0,33.0,5,0
xgb_depth4_regularized_v1,xgb_depth4_regularized_v1,realized_volatility_15m,25.54236259460449,11.60603969893822,0.0015190901308046911,36.8,37.0,5,0
xgb_depth4_regularized_v1,xgb_depth4_regularized_v1,log_return_15m,39.391740798950195,38.34354111564503,0.0015153369117826246,37.2,42.0,5,0
xgb_depth4_regularized_v1,xgb_depth4_regularized_v1,weekday_cos,27.595069122314452,21.624645432501545,0.0014842976873553977,39.8,38.0,4,0
xgb_depth4_regularized_v1,xgb_depth4_regularized_v1,log_return_5m,29.09799270629883,4.898212137500889,0.0014085190976895821,36.6,36.0,5,0
xgb_depth4_regularized_v1,xgb_depth4_regularized_v1,taker_buy_quote_ratio_15m,14.293044281005859,13.439995015415318,0.0013508017129649243,44.2,38.0,3,0
xgb_depth4_regularized_v1,xgb_depth4_regularized_v1,range_position_30m,33.777212905883786,14.88570027165641,0.0013298645874083724,36.2,36.0,5,0
xgb_depth4_regularized_v1,xgb_depth4_regularized_v1,upper_wick_ratio,18.728744888305663,11.772677217383624,0.00106483182003205,41.0,40.0,4,0
xgb_depth4_regularized_v1,xgb_depth4_regularized_v1,volume_ratio_5_60,23.02699851989746,1.729935561529593,0.0010024425794415014,40.8,40.0,5,0
xgb_depth4_regularized_v1,xgb_depth4_regularized_v1,log_return_3m,14.986605072021485,14.520102382731027,0.00043906959464022155,45.4,46.0,3,0
xgb_depth4_regularized_v1,xgb_depth4_regularized_v1,realized_volatility_5m,14.454187202453614,9.399300425709013,0.00033225936591962577,46.6,47.0,4,0
xgb_depth4_regularized_v1,xgb_depth4_regularized_v1,volatility_ratio_5_60,8.636798477172851,6.80055360658654,0.00031157048441807645,49.6,48.0,4,0
xgb_depth4_regularized_v1,xgb_depth4_regularized_v1,buy_pressure_persistence_15m,16.38129653930664,9.281028629245899,0.00024410863120785266,51.4,52.0,4,0
xgb_depth4_regularized_v1,xgb_depth4_regularized_v1,buy_pressure_change_5_60,7.918408203125,7.4733428601883,0.00023135486919263363,51.2,48.0,3,0
xgb_depth4_regularized_v1,xgb_depth4_regularized_v1,taker_buy_quote_ratio_5m,14.469037628173828,13.506116722448768,0.00022226000442849715,52.8,55.0,3,0
xgb_depth4_regularized_v1,xgb_depth4_regularized_v1,efficiency_ratio_15m,6.453168106079102,8.836935435166264,0.0002217986523607615,49.8,47.0,2,0
xgb_depth4_regularized_v1,xgb_depth4_regularized_v1,log_quote_volume_zscore_60m,6.743039894104004,6.358143090395882,0.0001836127101571649,52.8,53.0,3,0
xgb_depth4_regularized_v1,xgb_depth4_regularized_v1,signed_body_mean_5m,12.076048660278321,13.246000480312526,0.00016428897234362446,52.6,53.0,3,0
xgb_depth4_regularized_v1,xgb_depth4_regularized_v1,up_candle_ratio_15m,7.771110725402832,7.104497056337293,0.00014730127121908483,51.2,52.0,3,0
xgb_depth4_regularized_v1,xgb_depth4_regularized_v1,log_trade_count_zscore_60m,3.807147979736328,5.30890728660445,0.00013119085192719976,58.4,60.0,2,0
xgb_depth4_regularized_v1,xgb_depth4_regularized_v1,log_avg_trade_quote_size_zscore_60m,4.7408758163452145,6.509674396484285,0.0001241721173166605,58.2,61.0,2,0
xgb_depth4_regularized_v1,xgb_depth4_regularized_v1,log_return_1m,5.8651838302612305,8.03269488264379,0.0001079791104384745,50.4,54.0,2,0
xgb_depth4_regularized_v1,xgb_depth4_regularized_v1,signed_body_ratio,8.479109573364259,11.799543608510845,0.00010737424203328379,52.4,51.0,2,0
xgb_depth4_regularized_v1,xgb_depth4_regularized_v1,absolute_body_ratio,7.48056993484497,7.63920939985046,0.00010642939373584431,53.8,51.0,3,0
xgb_depth4_regularized_v1,xgb_depth4_regularized_v1,is_weekend,4.564826202392578,10.207261694022016,9.846918688590403e-05,60.4,63.0,1,0
xgb_depth4_regularized_v1,xgb_depth4_regularized_v1,lower_wick_ratio,3.9089405059814455,5.51986830839378,8.703083684748165e-05,55.0,54.0,2,0
xgb_depth4_regularized_v1,xgb_depth4_regularized_v1,taker_buy_quote_ratio_1m,1.5487528800964356,3.463116720244211,5.011289375489724e-05,58.2,57.0,1,0
xgb_depth4_regularized_v1,xgb_depth4_regularized_v1,is_zero_volume_1m,0.0,0.0,0.0,58.2,58.0,0,0
xgb_depth5_regularized_v1,xgb_depth5_regularized_v1,ema_distance_120,287.6351776123047,93.05754633243919,0.33329673763217194,1.0,1.0,5,5
xgb_depth5_regularized_v1,xgb_depth5_regularized_v1,ema_spread_20_60,240.41624145507814,149.81663967197701,0.10443454771329183,2.4,2.0,5,5
xgb_depth5_regularized_v1,xgb_depth5_regularized_v1,log_return_120m,61.00651245117187,19.689589671191744,0.08905898218081874,2.6,3.0,5,5
xgb_depth5_regularized_v1,xgb_depth5_regularized_v1,time_sin,37.88675765991211,9.009249303658244,0.051574059177677725,4.2,4.0,5,5
xgb_depth5_regularized_v1,xgb_depth5_regularized_v1,time_cos,28.53660011291504,4.991458630634724,0.037073063000501436,5.6,6.0,5,5
xgb_depth5_regularized_v1,xgb_depth5_regularized_v1,normalized_slope_60m,51.52459716796875,14.972729046390638,0.0293184859959482,9.2,9.0,5,3
xgb_depth5_regularized_v1,xgb_depth5_regularized_v1,buy_pressure_std_15m,30.77464828491211,5.904079000752538,0.0281716687376831,9.2,6.0,5,3
xgb_depth5_regularized_v1,xgb_depth5_regularized_v1,range_position_120m,52.76651229858398,18.44057824885947,0.024100837163372687,8.2,8.0,5,5
xgb_depth5_regularized_v1,xgb_depth5_regularized_v1,realized_volatility_120m,31.218438720703126,5.035743329657961,0.022183122814572843,9.6,7.0,5,3
xgb_depth5_regularized_v1,xgb_depth5_regularized_v1,momentum_acceleration_15_60,41.64415512084961,11.18471577639384,0.017674269951905748,11.2,12.0,5,2
xgb_depth5_regularized_v1,xgb_depth5_regularized_v1,realized_volatility_60m,28.285350036621093,1.7924649729735118,0.016816192531255554,12.4,11.0,5,2
xgb_depth5_regularized_v1,xgb_depth5_regularized_v1,ema_distance_60,83.74277572631836,46.31774345466305,0.01664312820431276,13.8,10.0,5,3
xgb_depth5_regularized_v1,xgb_depth5_regularized_v1,efficiency_ratio_60m,27.740245819091797,4.80798812497629,0.01453342397494083,13.8,14.0,5,0
xgb_depth5_regularized_v1,xgb_depth5_regularized_v1,ema_spread_5_20,37.46221923828125,12.325528996649421,0.013974657746638627,15.6,16.0,5,1
xgb_depth5_regularized_v1,xgb_depth5_regularized_v1,weekday_sin,26.26549301147461,8.296043748666863,0.013642182306539297,15.4,18.0,5,1
xgb_depth5_regularized_v1,xgb_depth5_regularized_v1,ema_distance_20,42.358985137939456,9.267296225858077,0.013408075849835185,15.4,16.0,5,2
xgb_depth5_regularized_v1,xgb_depth5_regularized_v1,normalized_atr_60,24.36820755004883,2.7074366220391193,0.012811213776958041,15.4,15.0,5,0
xgb_depth5_regularized_v1,xgb_depth5_regularized_v1,volume_ratio_15_60,25.54233055114746,4.8832119271465455,0.012555047402345056,17.0,16.0,5,0
xgb_depth5_regularized_v1,xgb_depth5_regularized_v1,taker_buy_quote_ratio_60m,22.722557830810548,5.593926425012418,0.012147133167617199,16.2,15.0,5,0
xgb_depth5_regularized_v1,xgb_depth5_regularized_v1,upper_wick_mean_15m,21.75340690612793,2.9006670355262254,0.010577629974866677,21.0,20.0,5,0
xgb_depth5_regularized_v1,xgb_depth5_regularized_v1,support_distance_60m,22.976132202148438,3.4277973544439067,0.008266066293883285,22.4,23.0,5,0
xgb_depth5_regularized_v1,xgb_depth5_regularized_v1,vwap_distance_60m,27.430146408081054,3.8049626747588148,0.008176711826118578,22.0,23.0,5,0
xgb_depth5_regularized_v1,xgb_depth5_regularized_v1,log_return_60m,45.369744873046876,30.202664428760528,0.007113756619640846,26.4,28.0,5,0
xgb_depth5_regularized_v1,xgb_depth5_regularized_v1,resistance_distance_60m,21.497374725341796,4.013070728998903,0.0071087173034291625,23.8,25.0,5,0
xgb_depth5_regularized_v1,xgb_depth5_regularized_v1,semivariance_imbalance_60m,20.368425369262695,2.3754916710511766,0.006602850058592578,26.2,26.0,5,0
xgb_depth5_regularized_v1,xgb_depth5_regularized_v1,log_return_30m,22.03500442504883,2.0066890332500673,0.006499143521840239,27.4,27.0,5,0
xgb_depth5_regularized_v1,xgb_depth5_regularized_v1,log_return_10m,30.131315231323242,9.312397309311416,0.006435297784619089,25.6,23.0,5,0
xgb_depth5_regularized_v1,xgb_depth5_regularized_v1,realized_volatility_30m,25.822668075561523,6.033659283986233,0.006063758064006789,25.8,27.0,5,0
xgb_depth5_regularized_v1,xgb_depth5_regularized_v1,volatility_ratio_15_120,19.064151000976562,2.5527494926309715,0.005541749679809079,29.2,28.0,5,0
xgb_depth5_regularized_v1,xgb_depth5_regularized_v1,lower_wick_mean_15m,19.42504005432129,3.3899811452765722,0.005506308435270601,28.4,27.0,5,0
xgb_depth5_regularized_v1,xgb_depth5_regularized_v1,momentum_acceleration_5_30,25.362734985351562,5.184834881909929,0.004387095469475017,32.0,30.0,5,0
xgb_depth5_regularized_v1,xgb_depth5_regularized_v1,range_position_60m,21.180486297607423,2.4826394548332704,0.003767072535017034,33.6,32.0,5,0
xgb_depth5_regularized_v1,xgb_depth5_regularized_v1,normalized_atr_14,21.651199340820312,4.296844614418947,0.0037462244547432867,34.8,33.0,5,0
xgb_depth5_regularized_v1,xgb_depth5_regularized_v1,weekday_cos,21.38959674835205,7.377475146170364,0.0036445662642974304,35.2,35.0,5,0
xgb_depth5_regularized_v1,xgb_depth5_regularized_v1,range_position_30m,21.089667892456056,5.554283839715831,0.003640827840511357,34.2,35.0,5,0
xgb_depth5_regularized_v1,xgb_depth5_regularized_v1,normalized_slope_15m,23.00914936065674,5.048554134900059,0.0036328720320664767,34.8,34.0,5,0
xgb_depth5_regularized_v1,xgb_depth5_regularized_v1,close_location,21.650993728637694,1.8533697335126145,0.0036117291665064806,35.2,35.0,5,0
xgb_depth5_regularized_v1,xgb_depth5_regularized_v1,ema_distance_5,24.11464080810547,4.016999684607833,0.0034732134744144003,35.2,37.0,5,0
xgb_depth5_regularized_v1,xgb_depth5_regularized_v1,taker_buy_quote_ratio_15m,16.83791847229004,2.2758660990077364,0.003063984804001843,37.8,38.0,5,0
xgb_depth5_regularized_v1,xgb_depth5_regularized_v1,realized_volatility_15m,21.171661567687988,3.7179425153726093,0.002880001530515699,39.0,40.0,5,0
xgb_depth5_regularized_v1,xgb_depth5_regularized_v1,log_return_15m,28.23582305908203,18.34505128233384,0.0027116142468689955,39.2,41.0,5,0
xgb_depth5_regularized_v1,xgb_depth5_regularized_v1,upper_wick_ratio,18.991468620300292,2.8721786479177673,0.0025381731769285104,39.6,41.0,5,0
xgb_depth5_regularized_v1,xgb_depth5_regularized_v1,log_return_5m,21.7228666305542,4.334005473464208,0.002259621938996849,41.2,40.0,5,0
xgb_depth5_regularized_v1,xgb_depth5_regularized_v1,volume_ratio_5_60,15.986113357543946,4.614170927819135,0.0015625370333367528,46.4,44.0,5,0
xgb_depth5_regularized_v1,xgb_depth5_regularized_v1,log_return_3m,15.035818099975586,4.370468214071627,0.0014808448998960212,47.2,45.0,5,0
xgb_depth5_regularized_v1,xgb_depth5_regularized_v1,efficiency_ratio_15m,14.097453689575195,2.7995449675802817,0.0011507069967090578,48.2,48.0,5,0
xgb_depth5_regularized_v1,xgb_depth5_regularized_v1,log_trade_count_zscore_60m,14.517301559448242,4.36133678194134,0.0011289562170113542,47.6,48.0,5,0
xgb_depth5_regularized_v1,xgb_depth5_regularized_v1,taker_buy_quote_ratio_5m,11.964962387084961,7.219522420315405,0.0009481611729363449,51.6,50.0,4,0
xgb_depth5_regularized_v1,xgb_depth5_regularized_v1,buy_pressure_persistence_15m,13.984852981567382,8.141302924631136,0.0008523181628352615,51.8,48.0,4,0
xgb_depth5_regularized_v1,xgb_depth5_regularized_v1,buy_pressure_change_5_60,12.211094665527344,3.9664089117946983,0.0008068041496376108,52.2,52.0,5,0
xgb_depth5_regularized_v1,xgb_depth5_regularized_v1,signed_body_ratio,15.76488437652588,7.776987651761854,0.0008042464864947422,51.0,53.0,5,0
xgb_depth5_regularized_v1,xgb_depth5_regularized_v1,realized_volatility_5m,14.170186233520507,2.9254566870327503,0.0007603947418735981,52.4,53.0,5,0
xgb_depth5_regularized_v1,xgb_depth5_regularized_v1,absolute_body_ratio,12.62277603149414,3.7096433683327894,0.0007601534745201904,52.0,52.0,5,0
xgb_depth5_regularized_v1,xgb_depth5_regularized_v1,log_quote_volume_zscore_60m,11.911905479431152,0.9622833548389261,0.000744629147975378,52.2,49.0,5,0
xgb_depth5_regularized_v1,xgb_depth5_regularized_v1,signed_body_mean_5m,12.332835388183593,1.8313159740856026,0.0007329658713865707,52.6,52.0,5,0
xgb_depth5_regularized_v1,xgb_depth5_regularized_v1,volatility_ratio_5_60,8.962366676330566,5.347006649440154,0.0006826452537742686,54.8,54.0,4,0
xgb_depth5_regularized_v1,xgb_depth5_regularized_v1,taker_buy_quote_ratio_1m,12.65407772064209,4.976708217256868,0.0006401622649800162,55.4,56.0,5,0
xgb_depth5_regularized_v1,xgb_depth5_regularized_v1,up_candle_ratio_15m,15.735950660705566,3.654920271566927,0.0005711688685020155,55.4,56.0,5,0
xgb_depth5_regularized_v1,xgb_depth5_regularized_v1,lower_wick_ratio,9.300675010681152,5.762334100420868,0.0005047858165081996,57.8,59.0,4,0
xgb_depth5_regularized_v1,xgb_depth5_regularized_v1,log_avg_trade_quote_size_zscore_60m,8.399857139587402,5.045527760505519,0.00047232893492651337,58.4,58.0,4,0
xgb_depth5_regularized_v1,xgb_depth5_regularized_v1,log_return_1m,12.952057838439941,6.012545278004854,0.00037855699679414386,59.4,60.0,5,0
xgb_depth5_regularized_v1,xgb_depth5_regularized_v1,is_weekend,22.460350227355956,5.492993785313733,0.00035181768509483284,59.0,61.0,5,0
xgb_depth5_regularized_v1,xgb_depth5_regularized_v1,is_zero_volume_1m,0.0,0.0,0.0,62.4,63.0,0,0
xgb_fixed_v1_reference,xgb_fixed_v1_reference,ema_distance_120,426.7898864746094,177.7215096795154,0.42347389755474946,1.0,1.0,5,5
xgb_fixed_v1_reference,xgb_fixed_v1_reference,ema_spread_20_60,415.01524353027344,285.0415902767181,0.10062919121109726,2.4,2.0,5,5
xgb_fixed_v1_reference,xgb_fixed_v1_reference,log_return_120m,88.86068496704101,34.35603080483331,0.09202147006089575,2.6,3.0,5,5
xgb_fixed_v1_reference,xgb_fixed_v1_reference,time_sin,53.58310394287109,16.452525070622784,0.04983607766479889,4.2,4.0,5,5
xgb_fixed_v1_reference,xgb_fixed_v1_reference,normalized_slope_60m,73.84353179931641,8.066538561117653,0.030129854213738448,9.2,8.0,5,4
xgb_fixed_v1_reference,xgb_fixed_v1_reference,time_cos,41.353684997558595,10.862306954816537,0.029122805419833676,6.8,6.0,5,5
xgb_fixed_v1_reference,xgb_fixed_v1_reference,buy_pressure_std_15m,42.00082092285156,9.288986708382943,0.027335257587572836,9.0,7.0,5,3
xgb_fixed_v1_reference,xgb_fixed_v1_reference,range_position_120m,75.74130477905274,23.67652958549538,0.02083433940855501,8.4,9.0,5,4
xgb_fixed_v1_reference,xgb_fixed_v1_reference,realized_volatility_120m,45.02856864929199,9.035272489143454,0.020151567818817436,9.6,8.0,5,3
xgb_fixed_v1_reference,xgb_fixed_v1_reference,momentum_acceleration_15_60,58.95083923339844,19.81568050963866,0.016715905995443675,10.8,10.0,5,3
xgb_fixed_v1_reference,xgb_fixed_v1_reference,realized_volatility_60m,42.26007614135742,6.84867854566282,0.016124062311922364,12.2,12.0,5,1
xgb_fixed_v1_reference,xgb_fixed_v1_reference,ema_distance_60,129.52323989868165,70.18389328068754,0.015996716966485056,13.8,10.0,5,3
xgb_fixed_v1_reference,xgb_fixed_v1_reference,ema_distance_20,59.823133850097655,14.20237514012156,0.01252852283921026,15.2,15.0,5,1
xgb_fixed_v1_reference,xgb_fixed_v1_reference,ema_spread_5_20,62.30426445007324,27.78427736464885,0.011979841753451542,14.8,16.0,5,1
xgb_fixed_v1_reference,xgb_fixed_v1_reference,efficiency_ratio_60m,36.919182205200194,9.22847397824413,0.010991588661878977,16.4,14.0,5,0
xgb_fixed_v1_reference,xgb_fixed_v1_reference,volume_ratio_15_60,35.92116355895996,9.909997538685477,0.010253150507205907,16.4,15.0,5,0
xgb_fixed_v1_reference,xgb_fixed_v1_reference,weekday_sin,34.43941688537598,13.14485899818047,0.009346536598374488,17.0,19.0,5,1
xgb_fixed_v1_reference,xgb_fixed_v1_reference,normalized_atr_60,32.97840957641601,6.330368093863071,0.009062940451505696,16.0,17.0,5,0
xgb_fixed_v1_reference,xgb_fixed_v1_reference,upper_wick_mean_15m,26.828723526000978,16.057174411772213,0.00874140042822973,23.6,18.0,4,0
xgb_fixed_v1_reference,xgb_fixed_v1_reference,taker_buy_quote_ratio_60m,31.43462142944336,14.442727624373655,0.007581687866259804,20.8,18.0,5,0
xgb_fixed_v1_reference,xgb_fixed_v1_reference,log_return_60m,205.2207458496094,289.39391448554994,0.007327141939933781,21.4,24.0,5,1
xgb_fixed_v1_reference,xgb_fixed_v1_reference,log_return_10m,50.12095718383789,17.918523245419966,0.00617214305903394,22.4,19.0,5,0
xgb_fixed_v1_reference,xgb_fixed_v1_reference,support_distance_60m,33.48918418884277,8.84779046331509,0.006029861903838697,21.4,22.0,5,0
xgb_fixed_v1_reference,xgb_fixed_v1_reference,vwap_distance_60m,35.95631141662598,7.101429104204731,0.006026064951960733,21.6,23.0,5,0
xgb_fixed_v1_reference,xgb_fixed_v1_reference,realized_volatility_30m,37.368374252319335,14.19983108382905,0.004156951899352679,25.0,26.0,5,0
xgb_fixed_v1_reference,xgb_fixed_v1_reference,resistance_distance_60m,31.059613037109376,10.73994645439444,0.0037259631349541794,26.2,27.0,5,0
xgb_fixed_v1_reference,xgb_fixed_v1_reference,momentum_acceleration_5_30,42.228142166137694,14.120846504313048,0.0031678578691925383,29.8,31.0,5,0
xgb_fixed_v1_reference,xgb_fixed_v1_reference,log_return_30m,26.464408111572265,5.2449355334389,0.0031141313410325247,31.8,33.0,5,0
xgb_fixed_v1_reference,xgb_fixed_v1_reference,semivariance_imbalance_60m,23.932049179077147,3.9880796471986697,0.0030576199755563372,32.0,31.0,5,0
xgb_fixed_v1_reference,xgb_fixed_v1_reference,close_location,35.83328742980957,11.131294071570505,0.002928136223181949,30.8,32.0,5,0
xgb_fixed_v1_reference,xgb_fixed_v1_reference,volatility_ratio_15_120,25.828885650634767,7.703534778953622,0.002564015547807892,32.8,34.0,5,0
xgb_fixed_v1_reference,xgb_fixed_v1_reference,normalized_slope_15m,33.96440811157227,9.708496144917198,0.002560326267277345,31.0,31.0,5,0
xgb_fixed_v1_reference,xgb_fixed_v1_reference,normalized_atr_14,22.20418014526367,13.866937385928823,0.0023442282165171495,34.6,31.0,4,0
xgb_fixed_v1_reference,xgb_fixed_v1_reference,ema_distance_5,32.624385833740234,9.338665411896178,0.0022786514324359126,31.6,30.0,5,0
xgb_fixed_v1_reference,xgb_fixed_v1_reference,range_position_30m,35.308306503295896,14.626498131581489,0.0022268660318937117,33.2,34.0,5,0
xgb_fixed_v1_reference,xgb_fixed_v1_reference,lower_wick_mean_15m,26.809101104736328,7.31097349615271,0.0020375152615055335,34.2,36.0,5,0
xgb_fixed_v1_reference,xgb_fixed_v1_reference,log_return_5m,27.67148208618164,5.8837336166504315,0.0018761314348283696,34.6,33.0,5,0
xgb_fixed_v1_reference,xgb_fixed_v1_reference,taker_buy_quote_ratio_15m,13.579203033447266,13.425683416057353,0.0017896411733563783,42.4,35.0,3,0
xgb_fixed_v1_reference,xgb_fixed_v1_reference,log_return_15m,38.97634048461914,38.10565122205836,0.0017516862270441139,38.2,42.0,5,0
xgb_fixed_v1_reference,xgb_fixed_v1_reference,range_position_60m,24.851046752929687,5.487878574184009,0.0014948604372963564,38.4,39.0,5,0
xgb_fixed_v1_reference,xgb_fixed_v1_reference,realized_volatility_15m,29.892824172973633,4.384575342407441,0.001480355800250344,39.0,40.0,5,0
xgb_fixed_v1_reference,xgb_fixed_v1_reference,weekday_cos,25.854110336303712,21.81546121709336,0.0014029133513956417,42.2,40.0,4,0
xgb_fixed_v1_reference,xgb_fixed_v1_reference,upper_wick_ratio,18.417223358154295,11.059482633924373,0.0013573994221730092,40.0,42.0,4,0
xgb_fixed_v1_reference,xgb_fixed_v1_reference,volume_ratio_5_60,26.847183227539062,7.178094022380347,0.001051881074710724,41.4,41.0,5,0
xgb_fixed_v1_reference,xgb_fixed_v1_reference,log_return_3m,14.052239227294923,14.000818619321018,0.0006246461662788585,46.0,46.0,3,0
xgb_fixed_v1_reference,xgb_fixed_v1_reference,taker_buy_quote_ratio_5m,11.662600708007812,10.910758002812926,0.00048293153879383504,51.8,51.0,3,0
xgb_fixed_v1_reference,xgb_fixed_v1_reference,buy_pressure_persistence_15m,14.892586135864258,10.040300125790672,0.0004131188284228619,50.0,45.0,4,0
xgb_fixed_v1_reference,xgb_fixed_v1_reference,up_candle_ratio_15m,10.792079544067382,9.906755124780148,0.00040538944462172424,49.0,49.0,3,0
xgb_fixed_v1_reference,xgb_fixed_v1_reference,efficiency_ratio_15m,6.772412490844727,6.720305493743893,0.00039835012081369705,49.4,48.0,3,0
xgb_fixed_v1_reference,xgb_fixed_v1_reference,log_trade_count_zscore_60m,8.338681411743163,8.155811508249197,0.0003882800622898202,55.4,56.0,3,0
xgb_fixed_v1_reference,xgb_fixed_v1_reference,volatility_ratio_5_60,8.791707992553711,6.568464109076145,0.00034686096109963477,51.6,48.0,4,0
xgb_fixed_v1_reference,xgb_fixed_v1_reference,buy_pressure_change_5_60,5.579698371887207,7.678134953045712,0.00034142786004237753,55.2,59.0,2,0
xgb_fixed_v1_reference,xgb_fixed_v1_reference,realized_volatility_5m,16.190290641784667,11.956116684933377,0.0003305188915433722,50.0,49.0,4,0
xgb_fixed_v1_reference,xgb_fixed_v1_reference,signed_body_ratio,13.78255500793457,13.267753371850315,0.00022321363274181984,51.2,51.0,3,0
xgb_fixed_v1_reference,xgb_fixed_v1_reference,log_quote_volume_zscore_60m,7.972954368591308,7.808022175539344,0.00021166885058710567,54.2,55.0,3,0
xgb_fixed_v1_reference,xgb_fixed_v1_reference,signed_body_mean_5m,10.504769897460937,10.74507669487442,0.0002100735911711205,53.0,52.0,3,0
xgb_fixed_v1_reference,xgb_fixed_v1_reference,log_avg_trade_quote_size_zscore_60m,8.132928276062012,8.495734563322921,0.00020744219425692178,57.0,57.0,3,0
xgb_fixed_v1_reference,xgb_fixed_v1_reference,log_return_1m,8.369361114501952,7.894631013086415,0.00018337796221270982,50.4,53.0,3,0
xgb_fixed_v1_reference,xgb_fixed_v1_reference,absolute_body_ratio,13.871689414978027,11.289501505439752,0.00018315366273745473,52.6,55.0,4,0
xgb_fixed_v1_reference,xgb_fixed_v1_reference,lower_wick_ratio,6.507006454467773,8.913187061913483,0.00017034991915644484,53.6,52.0,2,0
xgb_fixed_v1_reference,xgb_fixed_v1_reference,is_weekend,7.581644439697266,16.953072348396393,7.618429974731336e-05,61.8,63.0,1,0
xgb_fixed_v1_reference,xgb_fixed_v1_reference,taker_buy_quote_ratio_1m,1.599261474609375,3.5760573710231163,2.3852716926865304e-05,59.2,60.0,1,0
xgb_fixed_v1_reference,xgb_fixed_v1_reference,is_zero_volume_1m,0.0,0.0,0.0,58.4,60.0,0,0
xgb_low_learning_rate_v1,xgb_low_learning_rate_v1,ema_distance_120,447.73333740234375,172.2979147280284,0.4512203279152174,1.0,1.0,5,5
xgb_low_learning_rate_v1,xgb_low_learning_rate_v1,ema_spread_20_60,464.783642578125,358.1251089230174,0.09868705090582214,2.4,2.0,5,5
xgb_low_learning_rate_v1,xgb_low_learning_rate_v1,log_return_120m,87.17524871826171,26.74308936870961,0.08551128427733973,2.6,3.0,5,5
xgb_low_learning_rate_v1,xgb_low_learning_rate_v1,time_sin,54.82076873779297,16.57528406346666,0.05043610995090644,4.2,4.0,5,5
xgb_low_learning_rate_v1,xgb_low_learning_rate_v1,normalized_slope_60m,74.68223037719727,20.137588372959218,0.028611373202206115,11.4,8.0,5,4
xgb_low_learning_rate_v1,xgb_low_learning_rate_v1,time_cos,42.64603958129883,10.673477493748868,0.028548796649361975,7.2,7.0,5,4
xgb_low_learning_rate_v1,xgb_low_learning_rate_v1,range_position_120m,94.45814895629883,27.112456501192348,0.026757710982068823,7.2,7.0,5,5
xgb_low_learning_rate_v1,xgb_low_learning_rate_v1,buy_pressure_std_15m,43.20234642028809,9.978441109500533,0.025519422940744996,9.6,7.0,5,3
xgb_low_learning_rate_v1,xgb_low_learning_rate_v1,realized_volatility_120m,47.70503616333008,9.290809973205237,0.0191661510302281,9.8,8.0,5,3
xgb_low_learning_rate_v1,xgb_low_learning_rate_v1,momentum_acceleration_15_60,61.036067962646484,17.6275061224542,0.0161560377258222,10.2,11.0,5,2
xgb_low_learning_rate_v1,xgb_low_learning_rate_v1,realized_volatility_60m,42.804019165039065,6.454611510973927,0.014478137507383299,12.2,13.0,5,1
xgb_low_learning_rate_v1,xgb_low_learning_rate_v1,ema_distance_20,58.4822380065918,14.940578544484504,0.013269050073985846,12.6,10.0,5,3
xgb_low_learning_rate_v1,xgb_low_learning_rate_v1,ema_distance_60,116.6348045349121,117.37604799175948,0.010923086388151834,16.2,22.0,5,2
xgb_low_learning_rate_v1,xgb_low_learning_rate_v1,efficiency_ratio_60m,36.29276733398437,5.7612887789039755,0.01085833758213755,14.8,15.0,5,0
xgb_low_learning_rate_v1,xgb_low_learning_rate_v1,ema_spread_5_20,58.30564727783203,15.131314930599164,0.010765432142973779,14.4,15.0,5,1
xgb_low_learning_rate_v1,xgb_low_learning_rate_v1,volume_ratio_15_60,36.72104110717773,8.9367093343078,0.009500581687262004,16.2,15.0,5,0
xgb_low_learning_rate_v1,xgb_low_learning_rate_v1,weekday_sin,36.35944290161133,11.604189482447024,0.008406155922953542,17.6,20.0,5,1
xgb_low_learning_rate_v1,xgb_low_learning_rate_v1,normalized_atr_60,34.40652008056641,5.8758988780636,0.008329779271478908,16.4,16.0,5,0
xgb_low_learning_rate_v1,xgb_low_learning_rate_v1,upper_wick_mean_15m,29.209980010986328,17.851774909023288,0.00785246928985288,24.0,18.0,4,1
xgb_low_learning_rate_v1,xgb_low_learning_rate_v1,vwap_distance_60m,40.9861442565918,16.575877407236263,0.006858479808203294,19.2,20.0,5,0
xgb_low_learning_rate_v1,xgb_low_learning_rate_v1,taker_buy_quote_ratio_60m,32.929420471191406,12.074725842135258,0.00666116037499539,20.0,20.0,5,0
xgb_low_learning_rate_v1,xgb_low_learning_rate_v1,log_return_10m,47.519514846801755,21.788245842075774,0.005751329464523036,23.2,19.0,5,0
xgb_low_learning_rate_v1,xgb_low_learning_rate_v1,log_return_60m,136.40039024353027,145.12696556112274,0.005220908476310635,23.4,26.0,5,0
xgb_low_learning_rate_v1,xgb_low_learning_rate_v1,support_distance_60m,31.033881759643556,6.552062519526368,0.004746463043024564,23.6,24.0,5,0
xgb_low_learning_rate_v1,xgb_low_learning_rate_v1,realized_volatility_30m,41.498548126220705,12.14901535867604,0.004053252914524262,24.4,25.0,5,0
xgb_low_learning_rate_v1,xgb_low_learning_rate_v1,log_return_30m,32.06722297668457,12.003878548099335,0.0035812866722737015,28.6,30.0,5,0
xgb_low_learning_rate_v1,xgb_low_learning_rate_v1,momentum_acceleration_5_30,43.49732856750488,10.82050105961174,0.0032709481292477645,27.6,28.0,5,0
xgb_low_learning_rate_v1,xgb_low_learning_rate_v1,resistance_distance_60m,32.05841407775879,7.599382910875985,0.003260728788574206,25.4,25.0,5,0
xgb_low_learning_rate_v1,xgb_low_learning_rate_v1,semivariance_imbalance_60m,21.235518646240234,12.446717200352415,0.0025807224762588715,36.0,36.0,4,0
xgb_low_learning_rate_v1,xgb_low_learning_rate_v1,close_location,32.256082153320314,5.761231246097235,0.0025200445506898513,33.2,32.0,5,0
xgb_low_learning_rate_v1,xgb_low_learning_rate_v1,volatility_ratio_15_120,26.15216979980469,5.197159271702511,0.002298383965800401,34.2,36.0,5,0
xgb_low_learning_rate_v1,xgb_low_learning_rate_v1,ema_distance_5,32.85813903808594,5.289587637030477,0.0021594929666668853,31.6,30.0,5,0
xgb_low_learning_rate_v1,xgb_low_learning_rate_v1,normalized_slope_15m,41.725720977783205,18.94423265873112,0.0020611106388636505,31.6,33.0,5,0
xgb_low_learning_rate_v1,xgb_low_learning_rate_v1,range_position_30m,31.378088760375977,7.8534834802456395,0.0020357983414480757,32.4,32.0,5,0
xgb_low_learning_rate_v1,xgb_low_learning_rate_v1,lower_wick_mean_15m,26.18821144104004,7.58088809569161,0.001844365103536274,33.8,34.0,5,0
xgb_low_learning_rate_v1,xgb_low_learning_rate_v1,normalized_atr_14,26.319421005249023,7.115928735175177,0.001826429428484651,34.0,35.0,5,0
xgb_low_learning_rate_v1,xgb_low_learning_rate_v1,realized_volatility_15m,30.785952758789062,4.082509607488218,0.001491386455673698,35.6,35.0,5,0
xgb_low_learning_rate_v1,xgb_low_learning_rate_v1,weekday_cos,27.727254486083986,19.71764605708642,0.0014238594640598851,41.0,38.0,4,0
xgb_low_learning_rate_v1,xgb_low_learning_rate_v1,log_return_5m,30.6407901763916,4.027470037295462,0.0014056072131367861,35.8,35.0,5,0
xgb_low_learning_rate_v1,xgb_low_learning_rate_v1,log_return_15m,40.22814407348633,30.682180512173947,0.00135884895090806,37.6,39.0,5,0
xgb_low_learning_rate_v1,xgb_low_learning_rate_v1,range_position_60m,23.510046768188477,2.9076322055284223,0.0013550133848033417,37.8,36.0,5,0
xgb_low_learning_rate_v1,xgb_low_learning_rate_v1,upper_wick_ratio,25.22830238342285,4.625635043236513,0.0013346754409898317,37.6,40.0,5,0
xgb_low_learning_rate_v1,xgb_low_learning_rate_v1,taker_buy_quote_ratio_15m,23.290969848632812,17.529999277354516,0.0011590143417454734,42.2,41.0,4,0
xgb_low_learning_rate_v1,xgb_low_learning_rate_v1,volume_ratio_5_60,21.046673202514647,5.171549467827331,0.0007807424058909408,43.6,43.0,5,0
xgb_low_learning_rate_v1,xgb_low_learning_rate_v1,log_return_3m,13.335530090332032,12.544367959208643,0.00046654024541261665,48.4,46.0,3,0
xgb_low_learning_rate_v1,xgb_low_learning_rate_v1,efficiency_ratio_15m,14.559603500366212,8.904980084772731,0.0004485775348592303,45.6,47.0,4,0
xgb_low_learning_rate_v1,xgb_low_learning_rate_v1,taker_buy_quote_ratio_5m,15.787094879150391,11.224984733200609,0.00034573572678229364,50.0,48.0,4,0
xgb_low_learning_rate_v1,xgb_low_learning_rate_v1,buy_pressure_change_5_60,14.645215225219726,4.14904240479977,0.0002887336360131695,47.2,46.0,5,0
xgb_low_learning_rate_v1,xgb_low_learning_rate_v1,signed_body_ratio,16.778678131103515,11.307368360557815,0.00027223941214138826,50.4,52.0,4,0
xgb_low_learning_rate_v1,xgb_low_learning_rate_v1,buy_pressure_persistence_15m,15.420175552368164,14.069119762138879,0.00026825071073654393,53.0,50.0,4,0
xgb_low_learning_rate_v1,xgb_low_learning_rate_v1,up_candle_ratio_15m,9.533061027526855,9.05334215813825,0.00024527280316557245,51.6,51.0,3,0
xgb_low_learning_rate_v1,xgb_low_learning_rate_v1,log_trade_count_zscore_60m,12.557768249511719,7.426627235980128,0.00023668196795442476,51.0,50.0,4,0
xgb_low_learning_rate_v1,xgb_low_learning_rate_v1,volatility_ratio_5_60,10.025899314880371,9.261703374740568,0.00023437352483070723,51.8,52.0,3,0
xgb_low_learning_rate_v1,xgb_low_learning_rate_v1,realized_volatility_5m,17.50827827453613,11.945140317502071,0.00020684275627791946,51.0,54.0,4,0
xgb_low_learning_rate_v1,xgb_low_learning_rate_v1,log_return_1m,7.9571796417236325,7.32365333058849,0.00016470710206154885,52.0,51.0,3,0
xgb_low_learning_rate_v1,xgb_low_learning_rate_v1,taker_buy_quote_ratio_1m,14.344679832458496,9.853042727645965,0.00014684783308886043,53.8,56.0,4,0
xgb_low_learning_rate_v1,xgb_low_learning_rate_v1,log_avg_trade_quote_size_zscore_60m,7.034983158111572,7.197708844265927,0.0001430107799476693,58.6,59.0,3,0
xgb_low_learning_rate_v1,xgb_low_learning_rate_v1,is_weekend,10.307147789001466,16.346040476996826,0.00013181150882304686,59.8,63.0,2,0
xgb_low_learning_rate_v1,xgb_low_learning_rate_v1,log_quote_volume_zscore_60m,8.73737678527832,8.171624712576849,0.0001135269388864422,56.0,57.0,3,0
xgb_low_learning_rate_v1,xgb_low_learning_rate_v1,signed_body_mean_5m,7.782473754882813,7.92203121594872,0.0001119093258712837,57.4,58.0,3,0
xgb_low_learning_rate_v1,xgb_low_learning_rate_v1,absolute_body_ratio,10.383420181274413,10.941244834912137,8.821844443407913e-05,56.8,57.0,3,0
xgb_low_learning_rate_v1,xgb_low_learning_rate_v1,lower_wick_ratio,4.02984390258789,6.158609363328773,4.937150218209083e-05,57.8,57.0,2,0
xgb_low_learning_rate_v1,xgb_low_learning_rate_v1,is_zero_volume_1m,0.0,0.0,0.0,60.4,61.0,0,0
