fold_name,feature_index,feature_name,gain,total_gain,weight,cover,total_cover,normalized_gain,importance_rank
fold_2020,1,log_return_1m,10.97607421875,43.904296875,4.0,346.1636047363281,1384.6544189453125,0.0004411731702698513,55
fold_2020,2,log_return_3m,17.0052547454834,204.06304931640625,12.0,10446.0458984375,125352.546875,0.0020505314698050716,45
fold_2020,3,log_return_5m,20.73234748840332,228.05581665039062,11.0,18923.814453125,208161.96875,0.0022916232531085892,41
fold_2020,4,log_return_10m,23.608123779296875,495.7705993652344,21.0,14241.4375,299070.1875,0.004981760388311531,27
fold_2020,5,log_return_15m,17.104642868041992,222.3603515625,13.0,10602.88671875,137837.53125,0.0022343922627993756,43
fold_2020,6,log_return_30m,25.372407913208008,938.7791137695312,37.0,10627.150390625,393204.5625,0.009433339952670077,21
fold_2020,7,log_return_60m,26.697113037109375,507.2451477050781,19.0,6500.451171875,123508.5703125,0.005097062607657313,26
fold_2020,8,log_return_120m,55.07685470581055,10023.9873046875,182.0,16237.3974609375,2955206.25,0.10072622892799091,3
fold_2020,9,momentum_acceleration_5_30,26.950300216674805,431.2048034667969,16.0,9181.041015625,146896.65625,0.0043329697483291026,31
fold_2020,10,momentum_acceleration_15_60,36.88544845581055,2360.668701171875,64.0,9343.771484375,598001.375,0.023721224777109206,9
fold_2020,11,efficiency_ratio_15m,14.79102611541748,147.91026306152344,10.0,6331.2998046875,63313.0,0.0014862791187861377,47
fold_2020,12,efficiency_ratio_60m,27.12299156188965,1790.117431640625,66.0,10630.9072265625,701639.875,0.01798802938857493,13
fold_2020,13,up_candle_ratio_15m,18.10765266418457,126.75357055664062,7.0,4793.8232421875,33556.76171875,0.0012736856878657488,49
fold_2020,14,realized_volatility_5m,11.476909637451172,34.430728912353516,3.0,2104.662109375,6313.986328125,0.00034597784067040316,58
fold_2020,15,realized_volatility_15m,35.8513069152832,215.1078338623047,6.0,6409.396484375,38456.37890625,0.0021615151994143723,44
fold_2020,16,realized_volatility_30m,23.891807556152344,477.8361511230469,20.0,5392.94189453125,107858.8359375,0.00480154574074359,28
fold_2020,17,realized_volatility_60m,36.91120147705078,2842.16259765625,77.0,8798.314453125,677470.1875,0.028559525442358052,6
fold_2020,18,realized_volatility_120m,30.533418655395508,2564.80712890625,84.0,10401.1201171875,873694.0625,0.025772513688394776,8
fold_2020,19,volatility_ratio_5_60,18.323101043701172,146.58480834960938,8.0,5427.5283203125,43420.2265625,0.001472960261659941,48
fold_2020,20,volatility_ratio_15_120,20.934696197509766,648.9755859375,31.0,5236.85400390625,162342.46875,0.006521243637973218,25
fold_2020,21,normalized_atr_14,22.239561080932617,400.3121032714844,18.0,5391.728515625,97051.109375,0.004022543857164843,33
fold_2020,22,normalized_atr_60,26.096370697021484,1069.951171875,41.0,12959.4970703125,531339.375,0.01075142489752118,17
fold_2020,23,semivariance_imbalance_60m,24.943571090698242,947.855712890625,38.0,16805.123046875,638594.6875,0.009524546333241945,20
fold_2020,24,ema_distance_5,21.71839141845703,282.3390808105469,13.0,10662.734375,138615.546875,0.0028370896754570723,39
fold_2020,25,ema_distance_20,41.91455078125,1047.86376953125,25.0,7869.521484375,196738.03125,0.010529479210911935,18
fold_2020,26,ema_distance_60,46.606441497802734,745.7030639648438,16.0,10262.15625,164194.5,0.00749321155844867,24
fold_2020,27,ema_distance_120,250.10662841796875,27011.515625,108.0,27304.421875,2948877.5,0.27142573347668203,1
fold_2020,28,ema_spread_5_20,30.533098220825195,1129.724609375,37.0,9729.8388671875,360004.03125,0.011352059432106282,16
fold_2020,29,ema_spread_20_60,204.49147033691406,13496.4375,66.0,21160.22265625,1396574.75,0.13561921139920102,2
fold_2020,30,normalized_slope_15m,22.601547241210938,429.42938232421875,19.0,9923.37890625,188544.203125,0.004315129394883393,32
fold_2020,31,normalized_slope_60m,75.72774505615234,6739.76904296875,89.0,24383.591796875,2170139.75,0.06772469865623204,4
fold_2020,32,range_position_30m,20.815933227539062,395.5027160644531,19.0,4065.2421875,77239.6015625,0.003974216637457347,34
fold_2020,33,range_position_60m,21.185815811157227,296.6014099121094,14.0,10141.560546875,141981.84375,0.002980404963322465,37
fold_2020,34,range_position_120m,50.42688751220703,2622.1982421875,52.0,12717.3291015625,661301.125,0.02634920939231852,7
fold_2020,35,support_distance_60m,22.26896858215332,913.0277099609375,41.0,9381.9423828125,384659.625,0.00917457647697926,22
fold_2020,36,resistance_distance_60m,22.402957916259766,448.05914306640625,20.0,6031.38037109375,120627.609375,0.0045023309034601024,30
fold_2020,37,vwap_distance_60m,31.816652297973633,827.2329711914062,26.0,7734.5634765625,201098.65625,0.008312466396884103,23
fold_2020,38,signed_body_ratio,25.281455993652344,25.281455993652344,1.0,1325.1170654296875,1325.1170654296875,0.00025404119604767813,59
fold_2020,39,absolute_body_ratio,9.344611167907715,9.344611167907715,1.0,458.8490295410156,458.8490295410156,9.389950477107839e-05,61
fold_2020,40,upper_wick_ratio,20.433393478393555,224.76731872558594,11.0,18025.634765625,198281.984375,0.002258578718560126,42
fold_2020,41,lower_wick_ratio,15.935012817382812,47.80503845214844,3.0,18145.345703125,54436.0390625,0.00048036984691618456,54
fold_2020,42,close_location,24.35771942138672,462.7966613769531,19.0,20683.193359375,392980.6875,0.004650421139217328,29
fold_2020,43,signed_body_mean_5m,11.977846145629883,23.955692291259766,2.0,1133.1680908203125,2266.336181640625,0.00024071923402472456,60
fold_2020,44,upper_wick_mean_15m,29.206825256347656,1840.030029296875,63.0,18574.5234375,1170195.0,0.018489577084626292,12
fold_2020,45,lower_wick_mean_15m,19.229963302612305,288.449462890625,15.0,7467.68115234375,112015.21875,0.00289848996713019,38
fold_2020,46,is_zero_volume_1m,0.0,0.0,0.0,0.0,0.0,0.0,62
fold_2020,47,log_quote_volume_zscore_60m,8.809470176696777,52.8568229675293,6.0,1107.3643798828125,6644.1865234375,0.000531132800631537,53
fold_2020,48,volume_ratio_5_60,19.99786376953125,299.96795654296875,15.0,6386.8603515625,95802.90625,0.003014233771792536,36
fold_2020,49,volume_ratio_15_60,24.53439712524414,1275.7886962890625,52.0,5439.59423828125,282858.90625,0.012819787214421393,15
fold_2020,50,taker_buy_quote_ratio_1m,0.0,0.0,0.0,0.0,0.0,0.0,63
fold_2020,51,taker_buy_quote_ratio_5m,17.77210807800293,71.08843231201172,4.0,10799.3984375,43197.59375,0.0007143334772424583,51
fold_2020,52,taker_buy_quote_ratio_15m,17.041410446166992,306.7453918457031,18.0,6337.50439453125,114075.078125,0.0030823369605833513,35
fold_2020,53,taker_buy_quote_ratio_60m,21.03352165222168,1346.1453857421875,64.0,4457.8583984375,285302.9375,0.013526767759494218,14
fold_2020,54,buy_pressure_change_5_60,12.872846603393555,102.98277282714844,8.0,3148.341796875,25186.734375,0.0010348243703955907,50
fold_2020,55,buy_pressure_persistence_15m,9.49484634399414,37.97938537597656,4.0,1659.91748046875,6639.669921875,0.00038163658329216796,56
fold_2020,56,buy_pressure_std_15m,27.72772979736328,1996.3966064453125,72.0,12606.3154296875,907654.6875,0.020060829637906622,11
fold_2020,57,log_trade_count_zscore_60m,11.55537223815918,150.21983337402344,13.0,2076.18115234375,26990.353515625,0.0015094868804234034,46
fold_2020,58,log_avg_trade_quote_size_zscore_60m,10.306178092956543,61.837066650390625,6.0,861.0281372070312,5166.1689453125,0.0006213709517319522,52
fold_2020,59,time_sin,33.24707794189453,4089.390625,123.0,15733.455078125,1935215.0,0.04109232022641425,5
fold_2020,60,time_cos,24.685344696044922,2271.0517578125,92.0,9556.1279296875,879163.75,0.02282070720079284,10
fold_2020,61,weekday_sin,22.362783432006836,983.9624633789062,44.0,9528.11328125,419236.96875,0.009887365708903738,19
fold_2020,62,weekday_cos,18.296463012695312,256.1504821777344,14.0,8332.3544921875,116652.96875,0.002573933039179371,40
fold_2020,63,is_weekend,37.90822219848633,37.90822219848633,1.0,1995.226318359375,1995.226318359375,0.0003809214987365668,57
fold_2021,1,log_return_1m,0.0,0.0,0.0,0.0,0.0,0.0,46
fold_2021,2,log_return_3m,0.0,0.0,0.0,0.0,0.0,0.0,47
fold_2021,3,log_return_5m,22.553482055664062,90.21392822265625,4.0,5329.1083984375,21316.43359375,0.0011551786633052325,32
fold_2021,4,log_return_10m,64.45028686523438,64.45028686523438,1.0,20488.935546875,20488.935546875,0.0008252782879254173,35
fold_2021,5,log_return_15m,18.884044647216797,37.768089294433594,2.0,3564.75439453125,7129.5087890625,0.00048361590905404716,42
fold_2021,6,log_return_30m,22.441089630126953,112.20545196533203,5.0,4630.05859375,23150.29296875,0.0014367775195085646,29
fold_2021,7,log_return_60m,711.5333862304688,1423.0667724609375,2.0,34787.1875,69574.375,0.018222201431559774,9
fold_2021,8,log_return_120m,80.16386413574219,5290.81494140625,66.0,15522.318359375,1024473.0,0.06774825852527395,3
fold_2021,9,momentum_acceleration_5_30,65.13372802734375,260.534912109375,4.0,17192.54296875,68770.171875,0.003336118684157577,21
fold_2021,10,momentum_acceleration_15_60,56.723262786865234,907.5722045898438,16.0,13675.6982421875,218811.171875,0.011621354560279335,13
fold_2021,11,efficiency_ratio_15m,0.0,0.0,0.0,0.0,0.0,0.0,48
fold_2021,12,efficiency_ratio_60m,52.120357513427734,364.8424987792969,7.0,10879.3505859375,76155.453125,0.004671764974213421,18
fold_2021,13,up_candle_ratio_15m,0.0,0.0,0.0,0.0,0.0,0.0,49
fold_2021,14,realized_volatility_5m,28.090274810791016,56.18054962158203,2.0,10827.263671875,21654.52734375,0.0007193852822308856,38
fold_2021,15,realized_volatility_15m,27.8153076171875,55.630615234375,2.0,3865.990234375,7731.98046875,0.0007123434375530716,39
fold_2021,16,realized_volatility_30m,47.48833084106445,237.441650390625,5.0,12964.2373046875,64821.1875,0.003040412203692802,22
fold_2021,17,realized_volatility_60m,49.22104263305664,1279.7470703125,26.0,10032.42578125,260843.078125,0.01638700962454169,12
fold_2021,18,realized_volatility_120m,49.116268157958984,736.7440185546875,15.0,14079.3642578125,211190.46875,0.009433919876004159,15
fold_2021,19,volatility_ratio_5_60,10.097549438476562,10.097549438476562,1.0,722.3800659179688,722.3800659179688,0.00012929792430952422,45
fold_2021,20,volatility_ratio_15_120,29.4008846282959,88.20265197753906,3.0,7803.53369140625,23410.6015625,0.0011294245092611063,34
fold_2021,21,normalized_atr_14,0.0,0.0,0.0,0.0,0.0,0.0,50
fold_2021,22,normalized_atr_60,31.52556610107422,283.7301025390625,9.0,8587.791015625,77290.1171875,0.003633130349690478,19
fold_2021,23,semivariance_imbalance_60m,22.778499603271484,91.11399841308594,4.0,2458.1923828125,9832.76953125,0.00116670395546295,31
fold_2021,24,ema_distance_5,45.777801513671875,137.33340454101562,3.0,7645.615234375,22936.845703125,0.0017585379753478612,26
fold_2021,25,ema_distance_20,77.47415161132812,1317.060546875,17.0,15500.7109375,263512.09375,0.016864804271421004,11
fold_2021,26,ema_distance_60,181.68946838378906,1635.2052001953125,9.0,14393.07421875,129537.6640625,0.02093860886679576,8
fold_2021,27,ema_distance_120,504.4169006347656,38335.68359375,76.0,41172.13671875,3129082.5,0.49088388681426326,1
fold_2021,28,ema_spread_5_20,64.28675842285156,1350.02197265625,21.0,16384.84375,344081.71875,0.017286871423631063,10
fold_2021,29,ema_spread_20_60,498.8597717285156,9478.3359375,19.0,39241.5625,745589.6875,0.12136896878734334,2
fold_2021,30,normalized_slope_15m,32.99442672729492,131.9777069091797,4.0,5346.92626953125,21387.705078125,0.0016899589016582455,28
fold_2021,31,normalized_slope_60m,85.60771179199219,2225.800537109375,26.0,22383.6484375,581974.875,0.02850111218853175,5
fold_2021,32,range_position_30m,54.52342987060547,109.04685974121094,2.0,14274.326171875,28548.65234375,0.0013963321202750774,30
fold_2021,33,range_position_60m,24.60727882385254,49.21455764770508,2.0,6309.30859375,12618.6171875,0.0006301865802619667,40
fold_2021,34,range_position_120m,84.32376861572266,2192.41796875,26.0,19630.9765625,510405.375,0.028073652355501293,6
fold_2021,35,support_distance_60m,32.69142532348633,196.1485595703125,6.0,6214.79296875,37288.7578125,0.0025116590677045324,23
fold_2021,36,resistance_distance_60m,27.140472412109375,135.70236206054688,5.0,1265.114501953125,6325.57275390625,0.0017376526696140093,27
fold_2021,37,vwap_distance_60m,34.04024124145508,272.3219299316406,8.0,10175.845703125,81406.765625,0.0034870500509712908,20
fold_2021,38,signed_body_ratio,0.0,0.0,0.0,0.0,0.0,0.0,51
fold_2021,39,absolute_body_ratio,30.573015213012695,30.573015213012695,1.0,22079.517578125,22079.517578125,0.00039148383783723756,43
fold_2021,40,upper_wick_ratio,28.076374053955078,140.38186645507812,5.0,11584.619140625,57923.09375,0.001797573169008115,25
fold_2021,41,lower_wick_ratio,0.0,0.0,0.0,0.0,0.0,0.0,52
fold_2021,42,close_location,44.51521301269531,89.03042602539062,2.0,19035.21484375,38070.4296875,0.001140024057877988,33
fold_2021,43,signed_body_mean_5m,0.0,0.0,0.0,0.0,0.0,0.0,53
fold_2021,44,upper_wick_mean_15m,42.57918167114258,596.1085205078125,14.0,15803.1181640625,221243.65625,0.007633098984510657,16
fold_2021,45,lower_wick_mean_15m,30.638486862182617,61.276973724365234,2.0,9741.705078125,19483.41015625,0.0007846443890969487,36
fold_2021,46,is_zero_volume_1m,0.0,0.0,0.0,0.0,0.0,0.0,54
fold_2021,47,log_quote_volume_zscore_60m,0.0,0.0,0.0,0.0,0.0,0.0,55
fold_2021,48,volume_ratio_5_60,38.2716064453125,38.2716064453125,1.0,5531.927734375,5531.927734375,0.0004900633865196995,41
fold_2021,49,volume_ratio_15_60,49.735782623291016,746.0367431640625,15.0,9661.83984375,144927.59375,0.009552912113724117,14
fold_2021,50,taker_buy_quote_ratio_1m,0.0,0.0,0.0,0.0,0.0,0.0,56
fold_2021,51,taker_buy_quote_ratio_5m,0.0,0.0,0.0,0.0,0.0,0.0,57
fold_2021,52,taker_buy_quote_ratio_15m,0.0,0.0,0.0,0.0,0.0,0.0,58
fold_2021,53,taker_buy_quote_ratio_60m,20.09508514404297,60.285255432128906,3.0,6724.81640625,20174.44921875,0.0007719455538530888,37
fold_2021,54,buy_pressure_change_5_60,0.0,0.0,0.0,0.0,0.0,0.0,59
fold_2021,55,buy_pressure_persistence_15m,21.002853393554688,21.002853393554688,1.0,11528.8798828125,11528.8798828125,0.0002689390495099749,44
fold_2021,56,buy_pressure_std_15m,39.81861114501953,517.6419677734375,13.0,9072.6435546875,117944.3671875,0.0066283440726288695,17
fold_2021,57,log_trade_count_zscore_60m,0.0,0.0,0.0,0.0,0.0,0.0,60
fold_2021,58,log_avg_trade_quote_size_zscore_60m,0.0,0.0,0.0,0.0,0.0,0.0,61
fold_2021,59,time_sin,72.64864349365234,4867.458984375,67.0,16176.5595703125,1083829.5,0.062327235650195933,4
fold_2021,60,time_cos,42.57445526123047,1788.1270751953125,42.0,8091.0185546875,339822.78125,0.022896755359614877,7
fold_2021,61,weekday_sin,30.39885711669922,182.3931427001953,6.0,11039.8134765625,66238.8828125,0.002335522584278045,24
fold_2021,62,weekday_cos,0.0,0.0,0.0,0.0,0.0,0.0,62
fold_2021,63,is_weekend,0.0,0.0,0.0,0.0,0.0,0.0,63
fold_2022,1,log_return_1m,16.565982818603516,16.565982818603516,1.0,3184.755859375,3184.755859375,0.00015568724947504495,56
fold_2022,2,log_return_3m,20.96482276916504,62.894466400146484,3.0,22324.044921875,66972.1328125,0.000591082737937119,46
fold_2022,3,log_return_5m,28.559125900268555,228.47300720214844,8.0,28110.05859375,224880.46875,0.0021471912931510058,37
fold_2022,4,log_return_10m,44.17314910888672,839.2898559570312,19.0,16023.1181640625,304439.25,0.007887653308412151,19
fold_2022,5,log_return_15m,30.76032829284668,184.5619659423828,6.0,9606.5732421875,57639.44140625,0.0017345149484888048,41
fold_2022,6,log_return_30m,28.09020233154297,252.81182861328125,9.0,9039.1513671875,81352.359375,0.0023759277467895004,33
fold_2022,7,log_return_60m,72.48172760009766,362.40863037109375,5.0,12667.2421875,63336.2109375,0.003405919435406618,28
fold_2022,8,log_return_120m,83.75686645507812,11474.6904296875,137.0,30010.4296875,4111428.75,0.10783923967188229,2
fold_2022,9,momentum_acceleration_5_30,41.5527458190918,249.31646728515625,6.0,19564.587890625,117387.5234375,0.0023430783108667427,35
fold_2022,10,momentum_acceleration_15_60,53.670223236083984,1663.7769775390625,31.0,17536.5,543631.5,0.015636190391437096,14
fold_2022,11,efficiency_ratio_15m,7.373203277587891,7.373203277587891,1.0,729.3555908203125,729.3555908203125,6.929342802522671e-05,58
fold_2022,12,efficiency_ratio_60m,34.706600189208984,1665.9168701171875,48.0,16457.705078125,789969.875,0.01565630112035118,13
fold_2022,13,up_candle_ratio_15m,16.45611000061035,49.36832809448242,3.0,3334.302001953125,10002.90625,0.00046396397342512,48
fold_2022,14,realized_volatility_5m,13.435736656188965,40.30720901489258,3.0,2502.859619140625,7508.5791015625,0.000378807498127863,49
fold_2022,15,realized_volatility_15m,26.96181297302246,188.73269653320312,7.0,5746.2294921875,40223.60546875,0.0017737115105700505,40
fold_2022,16,realized_volatility_30m,37.1803092956543,817.966796875,22.0,14041.181640625,308906.0,0.007687259015165191,20
fold_2022,17,realized_volatility_60m,36.371971130371094,1709.482666015625,47.0,15195.259765625,714177.1875,0.01606573284612854,12
fold_2022,18,realized_volatility_120m,49.6585578918457,2880.1962890625,58.0,18525.890625,1074501.625,0.027068109577465582,7
fold_2022,19,volatility_ratio_5_60,8.334625244140625,8.334625244140625,1.0,922.9168701171875,922.9168701171875,7.83288799628801e-05,57
fold_2022,20,volatility_ratio_15_120,20.853200912475586,250.23841857910156,12.0,3794.6171875,45535.40625,0.0023517428170826437,34
fold_2022,21,normalized_atr_14,24.885786056518555,298.6294250488281,12.0,12885.2275390625,154622.734375,0.0028065219134451214,31
fold_2022,22,normalized_atr_60,32.12766647338867,995.9576416015625,31.0,13159.0419921875,407930.3125,0.009360018509766328,17
fold_2022,23,semivariance_imbalance_60m,22.57295036315918,180.58360290527344,8.0,10171.8759765625,81375.0078125,0.0016971262583372502,42
fold_2022,24,ema_distance_5,31.598291397094727,315.98291015625,10.0,9814.3291015625,98143.2890625,0.0029696101162257405,30
fold_2022,25,ema_distance_20,62.330631256103516,1620.596435546875,26.0,20698.060546875,538149.5625,0.015230379285194981,15
fold_2022,26,ema_distance_60,112.7588882446289,2029.6600341796875,18.0,17089.1484375,307604.65625,0.01907476251490516,10
fold_2022,27,ema_distance_120,335.1895446777344,40893.125,122.0,49343.87109375,6019952.5,0.38431394161169885,1
fold_2022,28,ema_spread_5_20,60.343528747558594,1508.5882568359375,25.0,21835.568359375,545889.1875,0.014177725455164922,16
fold_2022,29,ema_spread_20_60,253.4296875,7349.4609375,29.0,39307.0234375,1139903.625,0.06907029730821101,3
fold_2022,30,normalized_slope_15m,33.44456100463867,334.44561767578125,10.0,28814.40234375,288144.03125,0.0031431228008067065,29
fold_2022,31,normalized_slope_60m,63.73401641845703,2613.0947265625,41.0,51704.5,2119884.5,0.02455788678830436,8
fold_2022,32,range_position_30m,27.314380645751953,409.7156982421875,15.0,6466.51708984375,96997.7578125,0.003850511667465973,26
fold_2022,33,range_position_60m,21.116880416870117,126.70127868652344,6.0,7440.54736328125,44643.28515625,0.0011907397103855513,44
fold_2022,34,range_position_120m,68.40768432617188,2325.861328125,34.0,35240.06640625,1198162.25,0.0218584648312874,9
fold_2022,35,support_distance_60m,35.13169479370117,526.9754028320312,15.0,19784.232421875,296763.5,0.004952519383020758,23
fold_2022,36,resistance_distance_60m,28.330339431762695,509.94610595703125,18.0,11709.8916015625,210778.046875,0.004792477904045819,24
fold_2022,37,vwap_distance_60m,32.1079216003418,449.5108947753906,14.0,15560.4970703125,217846.953125,0.004224507267872826,25
fold_2022,38,signed_body_ratio,27.424991607666016,27.424991607666016,1.0,9995.3466796875,9995.3466796875,0.00025774030777569307,51
fold_2022,39,absolute_body_ratio,17.59427833557129,17.59427833557129,1.0,2269.501220703125,2269.501220703125,0.00016535117961654245,55
fold_2022,40,upper_wick_ratio,25.658817291259766,205.27053833007812,8.0,27346.91796875,218775.34375,0.0019291342904800657,39
fold_2022,41,lower_wick_ratio,0.0,0.0,0.0,0.0,0.0,0.0,59
fold_2022,42,close_location,26.883195877075195,295.71514892578125,11.0,24674.857421875,271423.4375,0.0027791335212938,32
fold_2022,43,signed_body_mean_5m,25.178083419799805,25.178083419799805,1.0,9968.2998046875,9968.2998046875,0.0002366238452378346,52
fold_2022,44,upper_wick_mean_15m,34.338890075683594,892.8110961914062,26.0,24886.7109375,647054.5,0.008390646385962944,18
fold_2022,45,lower_wick_mean_15m,24.227863311767578,242.27862548828125,10.0,13546.40625,135464.0625,0.002276936612931048,36
fold_2022,46,is_zero_volume_1m,0.0,0.0,0.0,0.0,0.0,0.0,60
fold_2022,47,log_quote_volume_zscore_60m,16.496723175048828,32.993446350097656,2.0,2574.632080078125,5149.26416015625,0.00031007269349457025,50
fold_2022,48,volume_ratio_5_60,27.586284637451172,55.172569274902344,2.0,9311.2431640625,18622.486328125,0.000518512282122783,47
fold_2022,49,volume_ratio_15_60,35.736915588378906,1715.3719482421875,48.0,12441.5419921875,597194.0,0.01612108037131166,11
fold_2022,50,taker_buy_quote_ratio_1m,0.0,0.0,0.0,0.0,0.0,0.0,61
fold_2022,51,taker_buy_quote_ratio_5m,23.32248878479004,139.9349365234375,6.0,13052.10546875,78312.6328125,0.0013151097409284604,43
fold_2022,52,taker_buy_quote_ratio_15m,30.880035400390625,370.5604248046875,12.0,18852.884765625,226234.625,0.0034825300698343546,27
fold_2022,53,taker_buy_quote_ratio_60m,31.45589828491211,660.5738525390625,21.0,10638.3798828125,223405.984375,0.006208078766171874,22
fold_2022,54,buy_pressure_change_5_60,0.0,0.0,0.0,0.0,0.0,0.0,62
fold_2022,55,buy_pressure_persistence_15m,24.66900634765625,74.00701904296875,3.0,10709.775390625,32129.326171875,0.0006955186035631999,45
fold_2022,56,buy_pressure_std_15m,47.945011138916016,4890.39111328125,102.0,24748.076171875,2524303.75,0.04595993788119497,5
fold_2022,57,log_trade_count_zscore_60m,18.67871856689453,18.67871856689453,1.0,5972.63623046875,5972.63623046875,0.0001755427582680184,54
fold_2022,58,log_avg_trade_quote_size_zscore_60m,20.297687530517578,20.297687530517578,1.0,584.4259643554688,584.4259643554688,0.00019075784255803,53
fold_2022,59,time_sin,52.36005783081055,6754.447265625,129.0,23120.54296875,2982550.0,0.06347835368563065,4
fold_2022,60,time_cos,43.22646713256836,3587.796630859375,83.0,15020.396484375,1246692.875,0.03371814369546812,6
fold_2022,61,weekday_sin,28.606056213378906,715.1514282226562,25.0,17361.876953125,434046.9375,0.0067209992933894135,21
fold_2022,62,weekday_cos,27.791088104248047,222.32870483398438,8.0,12334.9150390625,98679.3203125,0.0020894470864765776,38
fold_2022,63,is_weekend,0.0,0.0,0.0,0.0,0.0,0.0,63
fold_2023,1,log_return_1m,14.30474853515625,42.91424560546875,3.0,2514.430908203125,7543.29296875,0.000320029391318653,53
fold_2023,2,log_return_3m,32.29111862182617,64.58223724365234,2.0,72852.40625,145704.8125,0.00048161662365210167,49
fold_2023,3,log_return_5m,32.563011169433594,358.193115234375,11.0,73681.2265625,810493.5,0.0026711951480368344,30
fold_2023,4,log_return_10m,49.79818344116211,1294.7528076171875,26.0,18005.34765625,468139.03125,0.009655510590568135,17
fold_2023,5,log_return_15m,21.642459869384766,108.21229553222656,5.0,6133.509765625,30667.548828125,0.0008069841280854176,43
fold_2023,6,log_return_30m,21.73127555847168,260.7752990722656,12.0,8845.3779296875,106144.53125,0.0019447099455105353,37
fold_2023,7,log_return_60m,36.525962829589844,803.5711669921875,22.0,13375.09765625,294252.15625,0.0059925646559882105,24
fold_2023,8,log_return_120m,78.40254974365234,12779.615234375,163.0,33190.6953125,5410083.5,0.09530290995543979,2
fold_2023,9,momentum_acceleration_5_30,36.02330780029297,720.4661865234375,20.0,20230.15234375,404603.0625,0.005372816226539567,25
fold_2023,10,momentum_acceleration_15_60,56.2216682434082,2361.31005859375,42.0,29311.8125,1231096.125,0.017609271935333053,10
fold_2023,11,efficiency_ratio_15m,11.697833061218262,58.489166259765625,5.0,5925.6455078125,29628.228515625,0.0004361780572571207,50
fold_2023,12,efficiency_ratio_60m,33.97639083862305,1800.7486572265625,53.0,24944.27734375,1322046.75,0.013428932247539242,14
fold_2023,13,up_candle_ratio_15m,19.396635055541992,38.793270111083984,2.0,274.14849853515625,548.2969970703125,0.0002892975618177523,54
fold_2023,14,realized_volatility_5m,27.948532104492188,27.948532104492188,1.0,3581.047607421875,3581.047607421875,0.00020842383668770933,59
fold_2023,15,realized_volatility_15m,33.16193389892578,331.61932373046875,10.0,10963.712890625,109637.1328125,0.002473023324204513,32
fold_2023,16,realized_volatility_30m,23.075349807739258,461.5069885253906,20.0,14647.1376953125,292942.75,0.0034416497026400904,29
fold_2023,17,realized_volatility_60m,38.62139892578125,1892.448486328125,49.0,20763.634765625,1017418.0625,0.014112776040604959,13
fold_2023,18,realized_volatility_120m,42.3675422668457,3982.548828125,94.0,22246.1015625,2091133.625,0.029699524234424367,7
fold_2023,19,volatility_ratio_5_60,7.203264236450195,7.203264236450195,1.0,147.61973571777344,147.61973571777344,5.371773956582867e-05,61
fold_2023,20,volatility_ratio_15_120,20.143898010253906,322.3023681640625,16.0,12816.990234375,205071.84375,0.002403542908627082,33
fold_2023,21,normalized_atr_14,25.659908294677734,487.53826904296875,19.0,16599.74609375,315395.1875,0.0036357757962425376,28
fold_2023,22,normalized_atr_60,31.744155883789062,1936.3935546875,61.0,20429.017578125,1246170.125,0.014440492706250252,12
fold_2023,23,semivariance_imbalance_60m,19.283935546875,212.123291015625,11.0,23058.95703125,253648.53125,0.0015818916714124642,38
fold_2023,24,ema_distance_5,26.765344619750977,294.4187927246094,11.0,6578.53564453125,72363.890625,0.00219560348082694,35
fold_2023,25,ema_distance_20,49.59499740600586,1091.0899658203125,22.0,22038.3828125,484844.40625,0.008136712010402133,22
fold_2023,26,ema_distance_60,87.33857727050781,1135.4014892578125,13.0,20966.5390625,272565.0,0.008467161484091545,21
fold_2023,27,ema_distance_120,345.2973327636719,54211.6796875,157.0,64563.18359375,10136420.0,0.40427905950516135,1
fold_2023,28,ema_spread_5_20,50.19084548950195,1355.15283203125,27.0,23694.546875,639752.75,0.010105938712422406,16
fold_2023,29,ema_spread_20_60,238.2220458984375,9528.8818359375,40.0,34704.55078125,1388182.0,0.07106083797763027,3
fold_2023,30,normalized_slope_15m,31.332660675048828,344.6592712402344,11.0,76190.9140625,838100.0625,0.0025702676402934734,31
fold_2023,31,normalized_slope_60m,74.29511260986328,3491.870361328125,47.0,67191.2265625,3157987.5,0.026040330676512617,8
fold_2023,32,range_position_30m,26.764631271362305,187.3524169921875,7.0,10696.376953125,74874.640625,0.0013971649536453107,40
fold_2023,33,range_position_60m,23.02369499206543,207.2132568359375,9.0,20122.294921875,181100.65625,0.001545275502871943,39
fold_2023,34,range_position_120m,63.43815231323242,2093.458984375,33.0,44079.5546875,1454625.25,0.015611794989464285,11
fold_2023,35,support_distance_60m,30.61214828491211,1193.873779296875,39.0,29321.85546875,1143552.375,0.008903213688346635,20
fold_2023,36,resistance_distance_60m,27.60996437072754,579.8092651367188,21.0,16747.859375,351705.03125,0.004323879019301073,27
fold_2023,37,vwap_distance_60m,33.257972717285156,964.481201171875,29.0,19235.4296875,557827.4375,0.007192537755108161,23
fold_2023,38,signed_body_ratio,16.206327438354492,81.0316390991211,5.0,12314.8408203125,61574.203125,0.0006042866598857279,47
fold_2023,39,absolute_body_ratio,11.846542358398438,35.53962707519531,3.0,810.802978515625,2432.408935546875,0.00026503379146241527,55
fold_2023,40,upper_wick_ratio,17.917531967163086,107.50518798828125,6.0,30931.65625,185589.9375,0.0008017109328167395,44
fold_2023,41,lower_wick_ratio,16.600019454956055,49.80005645751953,3.0,1679.9964599609375,5039.9892578125,0.0003713797488660396,52
fold_2023,42,close_location,33.35361099243164,667.0722045898438,20.0,57978.55078125,1159571.0,0.0049746350795288035,26
fold_2023,43,signed_body_mean_5m,15.367919921875,76.839599609375,5.0,1464.725830078125,7323.62939453125,0.0005730248765930435,48
fold_2023,44,upper_wick_mean_15m,28.018720626831055,1232.82373046875,44.0,32519.775390625,1430870.125,0.009193679686048757,19
fold_2023,45,lower_wick_mean_15m,22.392040252685547,291.0965270996094,13.0,33177.05859375,431301.75,0.0021708279632623915,36
fold_2023,46,is_zero_volume_1m,0.0,0.0,0.0,0.0,0.0,0.0,62
fold_2023,47,log_quote_volume_zscore_60m,14.558578491210938,29.117156982421875,2.0,9302.6416015625,18605.283203125,0.00021713875880942113,58
fold_2023,48,volume_ratio_5_60,26.836101531982422,134.18051147460938,5.0,8324.970703125,41624.85546875,0.001000639922901791,42
fold_2023,49,volume_ratio_15_60,28.89261817932129,1473.5235595703125,51.0,16128.037109375,822529.875,0.010988678496142263,15
fold_2023,50,taker_buy_quote_ratio_1m,7.996307373046875,15.99261474609375,2.0,499.15386962890625,998.3077392578125,0.00011926358463432652,60
fold_2023,51,taker_buy_quote_ratio_5m,17.218406677246094,51.65522003173828,3.0,10634.3828125,31903.1484375,0.0003852144757982569,51
fold_2023,52,taker_buy_quote_ratio_15m,19.97456932067871,319.5931091308594,16.0,15973.6298828125,255578.078125,0.002383338836364186,34
fold_2023,53,taker_buy_quote_ratio_60m,28.8455867767334,1269.205810546875,44.0,19381.517578125,852786.75,0.009464996000201209,18
fold_2023,54,buy_pressure_change_5_60,15.02564525604248,90.15386962890625,6.0,3558.4306640625,21350.583984375,0.0006723149298162972,46
fold_2023,55,buy_pressure_persistence_15m,19.29622459411621,96.48112487792969,5.0,16054.84375,80274.21875,0.000719499905748967,45
fold_2023,56,buy_pressure_std_15m,42.45623016357422,5986.32861328125,141.0,26692.697265625,3763670.25,0.044642544108888994,5
fold_2023,57,log_trade_count_zscore_60m,11.45931625366211,34.37794876098633,3.0,837.7828979492188,2513.3486328125,0.00025637067275767906,56
fold_2023,58,log_avg_trade_quote_size_zscore_60m,10.060775756835938,30.182327270507812,3.0,6945.05712890625,20835.171875,0.00022508217699462665,57
fold_2023,59,time_sin,42.56021499633789,6894.7548828125,162.0,27576.796875,4467441.0,0.05141705690747615,4
fold_2023,60,time_cos,41.1772346496582,5394.2177734375,131.0,17463.76171875,2287752.75,0.04022692712681571,6
fold_2023,61,weekday_sin,34.14445495605469,2560.834228515625,75.0,25493.09375,1911982.0,0.019097206716722288,9
fold_2023,62,weekday_cos,23.165681838989258,138.9940948486328,6.0,12597.12890625,75582.7734375,0.0010365368176395607,41
fold_2023,63,is_weekend,0.0,0.0,0.0,0.0,0.0,0.0,63
fold_2024,1,log_return_1m,0.0,0.0,0.0,0.0,0.0,0.0,42
fold_2024,2,log_return_3m,0.0,0.0,0.0,0.0,0.0,0.0,43
fold_2024,3,log_return_5m,33.94944381713867,101.84833526611328,3.0,9410.2900390625,28230.87109375,0.0011154688165401856,33
fold_2024,4,log_return_10m,68.57504272460938,685.7504272460938,10.0,21396.09765625,213960.96875,0.0075105127199524635,14
fold_2024,5,log_return_15m,106.49022674560547,319.4706726074219,3.0,30777.033203125,92331.1015625,0.003498923886792925,22
fold_2024,6,log_return_30m,34.68706512451172,34.68706512451172,1.0,2666.516845703125,2666.516845703125,0.0003799015406839453,39
fold_2024,7,log_return_60m,178.86553955078125,357.7310791015625,2.0,33459.70703125,66919.4140625,0.003917961569056989,20
fold_2024,8,log_return_120m,146.90328979492188,8079.6806640625,55.0,34495.01171875,1897225.625,0.08849071322389182,3
fold_2024,9,momentum_acceleration_5_30,41.480628967285156,41.480628967285156,1.0,18968.068359375,18968.068359375,0.0004543063760697036,37
fold_2024,10,momentum_acceleration_15_60,91.25359344482422,1368.803955078125,15.0,30693.986328125,460409.78125,0.014991488313059683,8
fold_2024,11,efficiency_ratio_15m,0.0,0.0,0.0,0.0,0.0,0.0,44
fold_2024,12,efficiency_ratio_60m,36.66957092285156,293.3565673828125,8.0,17282.802734375,138262.421875,0.0032129155787161134,24
fold_2024,13,up_candle_ratio_15m,0.0,0.0,0.0,0.0,0.0,0.0,45
fold_2024,14,realized_volatility_5m,0.0,0.0,0.0,0.0,0.0,0.0,46
fold_2024,15,realized_volatility_15m,25.67375946044922,25.67375946044922,1.0,15626.3046875,15626.3046875,0.0002811855295097115,40
fold_2024,16,realized_volatility_30m,55.20607376098633,165.61822509765625,3.0,26475.623046875,79426.8671875,0.00181389283452172,26
fold_2024,17,realized_volatility_60m,50.174766540527344,501.7476501464844,10.0,20496.580078125,204965.796875,0.00549526760597858,18
fold_2024,18,realized_volatility_120m,53.46705627441406,802.005859375,15.0,24068.744140625,361031.15625,0.008783771717798308,11
fold_2024,19,volatility_ratio_5_60,0.0,0.0,0.0,0.0,0.0,0.0,47
fold_2024,20,volatility_ratio_15_120,37.81174850463867,37.81174850463867,1.0,6961.6142578125,6961.6142578125,0.0004141238660954111,38
fold_2024,21,normalized_atr_14,38.23564529418945,114.70693969726562,3.0,9324.0029296875,27972.0078125,0.0012562995157332454,31
fold_2024,22,normalized_atr_60,43.39828872680664,650.9743041992188,15.0,14647.212890625,219708.1875,0.007129635794300247,15
fold_2024,23,semivariance_imbalance_60m,30.081289291381836,120.32515716552734,4.0,8113.2548828125,32453.01953125,0.001317831659327078,29
fold_2024,24,ema_distance_5,37.26210021972656,149.04840087890625,4.0,12269.4267578125,49077.70703125,0.001632415914321949,28
fold_2024,25,ema_distance_20,67.80133819580078,1084.8214111328125,16.0,27781.16015625,444498.5625,0.011881239418121239,10
fold_2024,26,ema_distance_60,219.2228240966797,2192.228271484375,10.0,29932.27734375,299322.78125,0.02400984040818414,6
fold_2024,27,ema_distance_120,698.9390258789062,51721.48828125,74.0,83749.609375,6197471.0,0.5664668663659417,1
fold_2024,28,ema_spread_5_20,106.1670913696289,637.0025634765625,6.0,25886.798828125,155320.796875,0.006976613743933036,16
fold_2024,29,ema_spread_20_60,880.0732421875,9680.8056640625,11.0,70519.21875,775711.375,0.1060266405831006,2
fold_2024,30,normalized_slope_15m,49.44884490966797,98.89768981933594,2.0,20282.275390625,40564.55078125,0.0010831525987449056,35
fold_2024,31,normalized_slope_60m,69.85307312011719,349.2653503417969,5.0,26530.115234375,132650.578125,0.003825242759111473,21
fold_2024,32,range_position_30m,47.1231575012207,47.1231575012207,1.0,17903.54296875,17903.54296875,0.0005161047806248486,36
fold_2024,33,range_position_60m,34.321563720703125,102.96469116210938,3.0,11790.5576171875,35371.671875,0.0011276954296398575,32
fold_2024,34,range_position_120m,112.11003112792969,1121.100341796875,10.0,50383.72265625,503837.21875,0.012278575474203537,9
fold_2024,35,support_distance_60m,46.74168395996094,420.6751403808594,9.0,25125.4921875,226129.4375,0.004607340903142296,19
fold_2024,36,resistance_distance_60m,49.8143310546875,298.885986328125,6.0,17470.119140625,104820.71875,0.0032734751783498914,23
fold_2024,37,vwap_distance_60m,48.55876922607422,631.2639770507812,13.0,27031.240234375,351406.125,0.006913763288967283,17
fold_2024,38,signed_body_ratio,0.0,0.0,0.0,0.0,0.0,0.0,48
fold_2024,39,absolute_body_ratio,0.0,0.0,0.0,0.0,0.0,0.0,49
fold_2024,40,upper_wick_ratio,0.0,0.0,0.0,0.0,0.0,0.0,50
fold_2024,41,lower_wick_ratio,0.0,0.0,0.0,0.0,0.0,0.0,51
fold_2024,42,close_location,50.056697845458984,100.11339569091797,2.0,43934.26171875,87868.5234375,0.0010964673179918265,34
fold_2024,43,signed_body_mean_5m,0.0,0.0,0.0,0.0,0.0,0.0,52
fold_2024,44,upper_wick_mean_15m,0.0,0.0,0.0,0.0,0.0,0.0,53
fold_2024,45,lower_wick_mean_15m,37.557151794433594,187.7857666015625,5.0,20059.00390625,100295.015625,0.002056677375107087,25
fold_2024,46,is_zero_volume_1m,0.0,0.0,0.0,0.0,0.0,0.0,54
fold_2024,47,log_quote_volume_zscore_60m,0.0,0.0,0.0,0.0,0.0,0.0,55
fold_2024,48,volume_ratio_5_60,21.54405975341797,21.54405975341797,1.0,7986.1484375,7986.1484375,0.0002359560102168107,41
fold_2024,49,volume_ratio_15_60,40.70610427856445,162.8244171142578,4.0,16471.619140625,65886.4765625,0.0017832943404300955,27
fold_2024,50,taker_buy_quote_ratio_1m,0.0,0.0,0.0,0.0,0.0,0.0,56
fold_2024,51,taker_buy_quote_ratio_5m,0.0,0.0,0.0,0.0,0.0,0.0,57
fold_2024,52,taker_buy_quote_ratio_15m,0.0,0.0,0.0,0.0,0.0,0.0,58
fold_2024,53,taker_buy_quote_ratio_60m,55.74301528930664,724.6591796875,13.0,23176.576171875,301295.5,0.007936651251578625,13
fold_2024,54,buy_pressure_change_5_60,0.0,0.0,0.0,0.0,0.0,0.0,59
fold_2024,55,buy_pressure_persistence_15m,0.0,0.0,0.0,0.0,0.0,0.0,60
fold_2024,56,buy_pressure_std_15m,52.056522369384766,1769.9217529296875,34.0,20731.318359375,704864.8125,0.019384632237244737,7
fold_2024,57,log_trade_count_zscore_60m,0.0,0.0,0.0,0.0,0.0,0.0,61
fold_2024,58,log_avg_trade_quote_size_zscore_60m,0.0,0.0,0.0,0.0,0.0,0.0,62
fold_2024,59,time_sin,67.09952545166016,2818.179931640625,42.0,26785.98828125,1125011.5,0.030865421854277448,4
fold_2024,60,time_cos,55.104923248291016,2369.51171875,43.0,15877.8037109375,682745.5625,0.025951493716476825,5
fold_2024,61,weekday_sin,56.684932708740234,793.5890502929688,14.0,26922.904296875,376920.65625,0.00869158868857896,12
fold_2024,62,weekday_cos,60.01731872558594,120.03463745117188,2.0,25637.109375,51274.21875,0.0013146498136826995,30
fold_2024,63,is_weekend,0.0,0.0,0.0,0.0,0.0,0.0,63
